

Microchip MPLAB XC8 Assembler V2.32 build 20210201212658 
                                                                                               Sat Aug 07 19:44:24 2021

Microchip MPLAB XC8 C Compiler v2.32 (Free license) build 20210201212658 Og1 
     1                           	processor	16F1939
     2                           	pagewidth 120
     3                           	opt	flic
     4                           	psect	idataBANK1,global,class=CODE,delta=2,noexec
     5                           	psect	cinit,global,class=CODE,merge=1,delta=2
     6                           	psect	dataBANK1,global,class=BANK1,space=1,delta=1,noexec
     7                           	psect	inittext,global,class=CODE,delta=2
     8                           	psect	cstackCOMMON,global,class=COMMON,space=1,delta=1,noexec
     9                           	psect	cstackBANK0,global,class=BANK0,space=1,delta=1,noexec
    10                           	psect	maintext,global,class=CODE,merge=1,split=1,delta=2
    11                           	psect	text1,local,class=CODE,merge=1,delta=2
    12                           	psect	text2,local,class=CODE,merge=1,delta=2
    13                           	psect	text3,local,class=CODE,merge=1,delta=2
    14                           	psect	text4,local,class=CODE,merge=1,delta=2
    15                           	psect	text5,local,class=CODE,merge=1,delta=2
    16                           	psect	text6,local,class=CODE,merge=1,delta=2
    17                           	psect	text7,local,class=CODE,merge=1,delta=2
    18                           	psect	text8,local,class=CODE,merge=1,delta=2
    19                           	psect	text9,local,class=CODE,merge=1,delta=2
    20                           	psect	text10,local,class=CODE,merge=1,delta=2
    21                           	psect	text11,local,class=CODE,merge=1,delta=2
    22                           	psect	text12,local,class=CODE,merge=1,delta=2
    23                           	psect	text13,local,class=CODE,merge=1,delta=2
    24                           	psect	text14,local,class=CODE,merge=1,delta=2
    25                           	psect	text15,local,class=CODE,merge=1,delta=2
    26                           	psect	text16,local,class=CODE,merge=1,delta=2
    27                           	psect	text17,local,class=CODE,merge=1,delta=2
    28                           	psect	text18,local,class=CODE,merge=1,delta=2
    29                           	psect	text19,local,class=CODE,merge=1,delta=2
    30                           	psect	text20,local,class=CODE,merge=1,delta=2
    31                           	psect	text21,local,class=CODE,merge=1,delta=2
    32                           	psect	text22,local,class=CODE,merge=1,delta=2
    33                           	psect	text23,local,class=CODE,merge=1,delta=2
    34                           	psect	text24,local,class=CODE,merge=1,delta=2
    35                           	psect	config,global,abs,ovrld,class=CONFIG,space=4,delta=2,noexec
    36                           	dabs	1,0x7E,2
    37  0000                     
    38                           ; Version 2.20
    39                           ; Generated 12/02/2020 GMT
    40                           ; 
    41                           ; Copyright © 2020, Microchip Technology Inc. and its subsidiaries ("Microchip")
    42                           ; All rights reserved.
    43                           ; 
    44                           ; This software is developed by Microchip Technology Inc. and its subsidiaries ("Microch
      +                          ip").
    45                           ; 
    46                           ; Redistribution and use in source and binary forms, with or without modification, are
    47                           ; permitted provided that the following conditions are met:
    48                           ; 
    49                           ;     1. Redistributions of source code must retain the above copyright notice, this lis
      +                          t of
    50                           ;        conditions and the following disclaimer.
    51                           ; 
    52                           ;     2. Redistributions in binary form must reproduce the above copyright notice, this 
      +                          list
    53                           ;        of conditions and the following disclaimer in the documentation and/or other
    54                           ;        materials provided with the distribution.
    55                           ; 
    56                           ;     3. Microchip's name may not be used to endorse or promote products derived from th
      +                          is
    57                           ;        software without specific prior written permission.
    58                           ; 
    59                           ; THIS SOFTWARE IS PROVIDED BY MICROCHIP "AS IS" AND ANY EXPRESS OR IMPLIED WARRANTIES,
    60                           ; INCLUDING, BUT NOT LIMITED TO, THE IMPLIED WARRANTIES OF MERCHANTABILITY AND FITNESS F
      +                          OR
    61                           ; PURPOSE ARE DISCLAIMED.  IN NO EVENT SHALL MICROCHIP BE LIABLE FOR ANY DIRECT, INDIREC
      +                          T,
    62                           ; INCIDENTAL, SPECIAL, EXEMPLARY, OR CONSEQUENTIAL DAMAGES (INCLUDING BUT NOT LIMITED TO
    63                           ; PROCUREMENT OF SUBSTITUTE GOODS OR SERVICES; LOSS OF USE, DATA OR PROFITS; OR BUSINESS
    64                           ; INTERRUPTION) HOWSOEVER CAUSED AND ON ANY THEORY OF LIABILITY, WHETHER IN CONTRACT, ST
      +                          RICT
    65                           ; LIABILITY, OR TORT (INCLUDING NEGLIGENCE OR OTHERWISE) ARISING IN ANY WAY OUT OF THE U
      +                          SE OF
    66                           ; THIS SOFTWARE, EVEN IF ADVISED OF THE POSSIBILITY OF SUCH DAMAGE.
    67                           ; 
    68                           ; 
    69                           ; Code-generator required, PIC16F1939 Definitions
    70                           ; 
    71                           ; SFR Addresses
    72  0000                     	;# 
    73  0001                     	;# 
    74  0002                     	;# 
    75  0003                     	;# 
    76  0004                     	;# 
    77  0005                     	;# 
    78  0006                     	;# 
    79  0007                     	;# 
    80  0008                     	;# 
    81  0009                     	;# 
    82  000A                     	;# 
    83  000B                     	;# 
    84  000C                     	;# 
    85  000D                     	;# 
    86  000E                     	;# 
    87  000F                     	;# 
    88  0010                     	;# 
    89  0011                     	;# 
    90  0012                     	;# 
    91  0013                     	;# 
    92  0015                     	;# 
    93  0016                     	;# 
    94  0016                     	;# 
    95  0017                     	;# 
    96  0018                     	;# 
    97  0019                     	;# 
    98  001A                     	;# 
    99  001B                     	;# 
   100  001C                     	;# 
   101  001E                     	;# 
   102  001F                     	;# 
   103  008C                     	;# 
   104  008D                     	;# 
   105  008E                     	;# 
   106  008F                     	;# 
   107  0090                     	;# 
   108  0091                     	;# 
   109  0092                     	;# 
   110  0093                     	;# 
   111  0095                     	;# 
   112  0096                     	;# 
   113  0097                     	;# 
   114  0098                     	;# 
   115  0099                     	;# 
   116  009A                     	;# 
   117  009B                     	;# 
   118  009B                     	;# 
   119  009C                     	;# 
   120  009D                     	;# 
   121  009E                     	;# 
   122  010C                     	;# 
   123  010D                     	;# 
   124  010E                     	;# 
   125  010F                     	;# 
   126  0110                     	;# 
   127  0111                     	;# 
   128  0112                     	;# 
   129  0113                     	;# 
   130  0114                     	;# 
   131  0115                     	;# 
   132  0116                     	;# 
   133  0117                     	;# 
   134  0118                     	;# 
   135  0119                     	;# 
   136  011A                     	;# 
   137  011B                     	;# 
   138  011D                     	;# 
   139  018C                     	;# 
   140  018D                     	;# 
   141  018F                     	;# 
   142  0190                     	;# 
   143  0191                     	;# 
   144  0191                     	;# 
   145  0192                     	;# 
   146  0193                     	;# 
   147  0193                     	;# 
   148  0193                     	;# 
   149  0194                     	;# 
   150  0195                     	;# 
   151  0196                     	;# 
   152  0199                     	;# 
   153  019A                     	;# 
   154  019B                     	;# 
   155  019B                     	;# 
   156  019B                     	;# 
   157  019B                     	;# 
   158  019C                     	;# 
   159  019C                     	;# 
   160  019D                     	;# 
   161  019E                     	;# 
   162  019F                     	;# 
   163  020D                     	;# 
   164  0210                     	;# 
   165  0211                     	;# 
   166  0212                     	;# 
   167  0213                     	;# 
   168  0214                     	;# 
   169  0215                     	;# 
   170  0215                     	;# 
   171  0216                     	;# 
   172  0217                     	;# 
   173  0291                     	;# 
   174  0291                     	;# 
   175  0292                     	;# 
   176  0293                     	;# 
   177  0294                     	;# 
   178  0295                     	;# 
   179  0295                     	;# 
   180  0296                     	;# 
   181  0298                     	;# 
   182  0298                     	;# 
   183  0299                     	;# 
   184  029A                     	;# 
   185  029B                     	;# 
   186  029C                     	;# 
   187  029C                     	;# 
   188  029D                     	;# 
   189  029E                     	;# 
   190  029F                     	;# 
   191  0311                     	;# 
   192  0311                     	;# 
   193  0312                     	;# 
   194  0313                     	;# 
   195  0314                     	;# 
   196  0315                     	;# 
   197  0315                     	;# 
   198  0316                     	;# 
   199  0318                     	;# 
   200  0318                     	;# 
   201  0319                     	;# 
   202  031A                     	;# 
   203  031C                     	;# 
   204  031C                     	;# 
   205  031D                     	;# 
   206  031E                     	;# 
   207  0394                     	;# 
   208  0395                     	;# 
   209  0396                     	;# 
   210  0415                     	;# 
   211  0416                     	;# 
   212  0417                     	;# 
   213  041C                     	;# 
   214  041D                     	;# 
   215  041E                     	;# 
   216  0791                     	;# 
   217  0792                     	;# 
   218  0793                     	;# 
   219  0794                     	;# 
   220  0795                     	;# 
   221  0798                     	;# 
   222  0799                     	;# 
   223  079A                     	;# 
   224  07A0                     	;# 
   225  07A1                     	;# 
   226  07A2                     	;# 
   227  07A3                     	;# 
   228  07A4                     	;# 
   229  07A5                     	;# 
   230  07A6                     	;# 
   231  07A7                     	;# 
   232  07A8                     	;# 
   233  07A9                     	;# 
   234  07AA                     	;# 
   235  07AB                     	;# 
   236  0FE4                     	;# 
   237  0FE5                     	;# 
   238  0FE6                     	;# 
   239  0FE7                     	;# 
   240  0FE8                     	;# 
   241  0FE9                     	;# 
   242  0FEA                     	;# 
   243  0FEB                     	;# 
   244  0FED                     	;# 
   245  0FEE                     	;# 
   246  0FEF                     	;# 
   247  0000                     	;# 
   248  0001                     	;# 
   249  0002                     	;# 
   250  0003                     	;# 
   251  0004                     	;# 
   252  0005                     	;# 
   253  0006                     	;# 
   254  0007                     	;# 
   255  0008                     	;# 
   256  0009                     	;# 
   257  000A                     	;# 
   258  000B                     	;# 
   259  000C                     	;# 
   260  000D                     	;# 
   261  000E                     	;# 
   262  000F                     	;# 
   263  0010                     	;# 
   264  0011                     	;# 
   265  0012                     	;# 
   266  0013                     	;# 
   267  0015                     	;# 
   268  0016                     	;# 
   269  0016                     	;# 
   270  0017                     	;# 
   271  0018                     	;# 
   272  0019                     	;# 
   273  001A                     	;# 
   274  001B                     	;# 
   275  001C                     	;# 
   276  001E                     	;# 
   277  001F                     	;# 
   278  008C                     	;# 
   279  008D                     	;# 
   280  008E                     	;# 
   281  008F                     	;# 
   282  0090                     	;# 
   283  0091                     	;# 
   284  0092                     	;# 
   285  0093                     	;# 
   286  0095                     	;# 
   287  0096                     	;# 
   288  0097                     	;# 
   289  0098                     	;# 
   290  0099                     	;# 
   291  009A                     	;# 
   292  009B                     	;# 
   293  009B                     	;# 
   294  009C                     	;# 
   295  009D                     	;# 
   296  009E                     	;# 
   297  010C                     	;# 
   298  010D                     	;# 
   299  010E                     	;# 
   300  010F                     	;# 
   301  0110                     	;# 
   302  0111                     	;# 
   303  0112                     	;# 
   304  0113                     	;# 
   305  0114                     	;# 
   306  0115                     	;# 
   307  0116                     	;# 
   308  0117                     	;# 
   309  0118                     	;# 
   310  0119                     	;# 
   311  011A                     	;# 
   312  011B                     	;# 
   313  011D                     	;# 
   314  018C                     	;# 
   315  018D                     	;# 
   316  018F                     	;# 
   317  0190                     	;# 
   318  0191                     	;# 
   319  0191                     	;# 
   320  0192                     	;# 
   321  0193                     	;# 
   322  0193                     	;# 
   323  0193                     	;# 
   324  0194                     	;# 
   325  0195                     	;# 
   326  0196                     	;# 
   327  0199                     	;# 
   328  019A                     	;# 
   329  019B                     	;# 
   330  019B                     	;# 
   331  019B                     	;# 
   332  019B                     	;# 
   333  019C                     	;# 
   334  019C                     	;# 
   335  019D                     	;# 
   336  019E                     	;# 
   337  019F                     	;# 
   338  020D                     	;# 
   339  0210                     	;# 
   340  0211                     	;# 
   341  0212                     	;# 
   342  0213                     	;# 
   343  0214                     	;# 
   344  0215                     	;# 
   345  0215                     	;# 
   346  0216                     	;# 
   347  0217                     	;# 
   348  0291                     	;# 
   349  0291                     	;# 
   350  0292                     	;# 
   351  0293                     	;# 
   352  0294                     	;# 
   353  0295                     	;# 
   354  0295                     	;# 
   355  0296                     	;# 
   356  0298                     	;# 
   357  0298                     	;# 
   358  0299                     	;# 
   359  029A                     	;# 
   360  029B                     	;# 
   361  029C                     	;# 
   362  029C                     	;# 
   363  029D                     	;# 
   364  029E                     	;# 
   365  029F                     	;# 
   366  0311                     	;# 
   367  0311                     	;# 
   368  0312                     	;# 
   369  0313                     	;# 
   370  0314                     	;# 
   371  0315                     	;# 
   372  0315                     	;# 
   373  0316                     	;# 
   374  0318                     	;# 
   375  0318                     	;# 
   376  0319                     	;# 
   377  031A                     	;# 
   378  031C                     	;# 
   379  031C                     	;# 
   380  031D                     	;# 
   381  031E                     	;# 
   382  0394                     	;# 
   383  0395                     	;# 
   384  0396                     	;# 
   385  0415                     	;# 
   386  0416                     	;# 
   387  0417                     	;# 
   388  041C                     	;# 
   389  041D                     	;# 
   390  041E                     	;# 
   391  0791                     	;# 
   392  0792                     	;# 
   393  0793                     	;# 
   394  0794                     	;# 
   395  0795                     	;# 
   396  0798                     	;# 
   397  0799                     	;# 
   398  079A                     	;# 
   399  07A0                     	;# 
   400  07A1                     	;# 
   401  07A2                     	;# 
   402  07A3                     	;# 
   403  07A4                     	;# 
   404  07A5                     	;# 
   405  07A6                     	;# 
   406  07A7                     	;# 
   407  07A8                     	;# 
   408  07A9                     	;# 
   409  07AA                     	;# 
   410  07AB                     	;# 
   411  0FE4                     	;# 
   412  0FE5                     	;# 
   413  0FE6                     	;# 
   414  0FE7                     	;# 
   415  0FE8                     	;# 
   416  0FE9                     	;# 
   417  0FEA                     	;# 
   418  0FEB                     	;# 
   419  0FED                     	;# 
   420  0FEE                     	;# 
   421  0FEF                     	;# 
   422  0000                     	;# 
   423  0001                     	;# 
   424  0002                     	;# 
   425  0003                     	;# 
   426  0004                     	;# 
   427  0005                     	;# 
   428  0006                     	;# 
   429  0007                     	;# 
   430  0008                     	;# 
   431  0009                     	;# 
   432  000A                     	;# 
   433  000B                     	;# 
   434  000C                     	;# 
   435  000D                     	;# 
   436  000E                     	;# 
   437  000F                     	;# 
   438  0010                     	;# 
   439  0011                     	;# 
   440  0012                     	;# 
   441  0013                     	;# 
   442  0015                     	;# 
   443  0016                     	;# 
   444  0016                     	;# 
   445  0017                     	;# 
   446  0018                     	;# 
   447  0019                     	;# 
   448  001A                     	;# 
   449  001B                     	;# 
   450  001C                     	;# 
   451  001E                     	;# 
   452  001F                     	;# 
   453  008C                     	;# 
   454  008D                     	;# 
   455  008E                     	;# 
   456  008F                     	;# 
   457  0090                     	;# 
   458  0091                     	;# 
   459  0092                     	;# 
   460  0093                     	;# 
   461  0095                     	;# 
   462  0096                     	;# 
   463  0097                     	;# 
   464  0098                     	;# 
   465  0099                     	;# 
   466  009A                     	;# 
   467  009B                     	;# 
   468  009B                     	;# 
   469  009C                     	;# 
   470  009D                     	;# 
   471  009E                     	;# 
   472  010C                     	;# 
   473  010D                     	;# 
   474  010E                     	;# 
   475  010F                     	;# 
   476  0110                     	;# 
   477  0111                     	;# 
   478  0112                     	;# 
   479  0113                     	;# 
   480  0114                     	;# 
   481  0115                     	;# 
   482  0116                     	;# 
   483  0117                     	;# 
   484  0118                     	;# 
   485  0119                     	;# 
   486  011A                     	;# 
   487  011B                     	;# 
   488  011D                     	;# 
   489  018C                     	;# 
   490  018D                     	;# 
   491  018F                     	;# 
   492  0190                     	;# 
   493  0191                     	;# 
   494  0191                     	;# 
   495  0192                     	;# 
   496  0193                     	;# 
   497  0193                     	;# 
   498  0193                     	;# 
   499  0194                     	;# 
   500  0195                     	;# 
   501  0196                     	;# 
   502  0199                     	;# 
   503  019A                     	;# 
   504  019B                     	;# 
   505  019B                     	;# 
   506  019B                     	;# 
   507  019B                     	;# 
   508  019C                     	;# 
   509  019C                     	;# 
   510  019D                     	;# 
   511  019E                     	;# 
   512  019F                     	;# 
   513  020D                     	;# 
   514  0210                     	;# 
   515  0211                     	;# 
   516  0212                     	;# 
   517  0213                     	;# 
   518  0214                     	;# 
   519  0215                     	;# 
   520  0215                     	;# 
   521  0216                     	;# 
   522  0217                     	;# 
   523  0291                     	;# 
   524  0291                     	;# 
   525  0292                     	;# 
   526  0293                     	;# 
   527  0294                     	;# 
   528  0295                     	;# 
   529  0295                     	;# 
   530  0296                     	;# 
   531  0298                     	;# 
   532  0298                     	;# 
   533  0299                     	;# 
   534  029A                     	;# 
   535  029B                     	;# 
   536  029C                     	;# 
   537  029C                     	;# 
   538  029D                     	;# 
   539  029E                     	;# 
   540  029F                     	;# 
   541  0311                     	;# 
   542  0311                     	;# 
   543  0312                     	;# 
   544  0313                     	;# 
   545  0314                     	;# 
   546  0315                     	;# 
   547  0315                     	;# 
   548  0316                     	;# 
   549  0318                     	;# 
   550  0318                     	;# 
   551  0319                     	;# 
   552  031A                     	;# 
   553  031C                     	;# 
   554  031C                     	;# 
   555  031D                     	;# 
   556  031E                     	;# 
   557  0394                     	;# 
   558  0395                     	;# 
   559  0396                     	;# 
   560  0415                     	;# 
   561  0416                     	;# 
   562  0417                     	;# 
   563  041C                     	;# 
   564  041D                     	;# 
   565  041E                     	;# 
   566  0791                     	;# 
   567  0792                     	;# 
   568  0793                     	;# 
   569  0794                     	;# 
   570  0795                     	;# 
   571  0798                     	;# 
   572  0799                     	;# 
   573  079A                     	;# 
   574  07A0                     	;# 
   575  07A1                     	;# 
   576  07A2                     	;# 
   577  07A3                     	;# 
   578  07A4                     	;# 
   579  07A5                     	;# 
   580  07A6                     	;# 
   581  07A7                     	;# 
   582  07A8                     	;# 
   583  07A9                     	;# 
   584  07AA                     	;# 
   585  07AB                     	;# 
   586  0FE4                     	;# 
   587  0FE5                     	;# 
   588  0FE6                     	;# 
   589  0FE7                     	;# 
   590  0FE8                     	;# 
   591  0FE9                     	;# 
   592  0FEA                     	;# 
   593  0FEB                     	;# 
   594  0FED                     	;# 
   595  0FEE                     	;# 
   596  0FEF                     	;# 
   597  0000                     	;# 
   598  0001                     	;# 
   599  0002                     	;# 
   600  0003                     	;# 
   601  0004                     	;# 
   602  0005                     	;# 
   603  0006                     	;# 
   604  0007                     	;# 
   605  0008                     	;# 
   606  0009                     	;# 
   607  000A                     	;# 
   608  000B                     	;# 
   609  000C                     	;# 
   610  000D                     	;# 
   611  000E                     	;# 
   612  000F                     	;# 
   613  0010                     	;# 
   614  0011                     	;# 
   615  0012                     	;# 
   616  0013                     	;# 
   617  0015                     	;# 
   618  0016                     	;# 
   619  0016                     	;# 
   620  0017                     	;# 
   621  0018                     	;# 
   622  0019                     	;# 
   623  001A                     	;# 
   624  001B                     	;# 
   625  001C                     	;# 
   626  001E                     	;# 
   627  001F                     	;# 
   628  008C                     	;# 
   629  008D                     	;# 
   630  008E                     	;# 
   631  008F                     	;# 
   632  0090                     	;# 
   633  0091                     	;# 
   634  0092                     	;# 
   635  0093                     	;# 
   636  0095                     	;# 
   637  0096                     	;# 
   638  0097                     	;# 
   639  0098                     	;# 
   640  0099                     	;# 
   641  009A                     	;# 
   642  009B                     	;# 
   643  009B                     	;# 
   644  009C                     	;# 
   645  009D                     	;# 
   646  009E                     	;# 
   647  010C                     	;# 
   648  010D                     	;# 
   649  010E                     	;# 
   650  010F                     	;# 
   651  0110                     	;# 
   652  0111                     	;# 
   653  0112                     	;# 
   654  0113                     	;# 
   655  0114                     	;# 
   656  0115                     	;# 
   657  0116                     	;# 
   658  0117                     	;# 
   659  0118                     	;# 
   660  0119                     	;# 
   661  011A                     	;# 
   662  011B                     	;# 
   663  011D                     	;# 
   664  018C                     	;# 
   665  018D                     	;# 
   666  018F                     	;# 
   667  0190                     	;# 
   668  0191                     	;# 
   669  0191                     	;# 
   670  0192                     	;# 
   671  0193                     	;# 
   672  0193                     	;# 
   673  0193                     	;# 
   674  0194                     	;# 
   675  0195                     	;# 
   676  0196                     	;# 
   677  0199                     	;# 
   678  019A                     	;# 
   679  019B                     	;# 
   680  019B                     	;# 
   681  019B                     	;# 
   682  019B                     	;# 
   683  019C                     	;# 
   684  019C                     	;# 
   685  019D                     	;# 
   686  019E                     	;# 
   687  019F                     	;# 
   688  020D                     	;# 
   689  0210                     	;# 
   690  0211                     	;# 
   691  0212                     	;# 
   692  0213                     	;# 
   693  0214                     	;# 
   694  0215                     	;# 
   695  0215                     	;# 
   696  0216                     	;# 
   697  0217                     	;# 
   698  0291                     	;# 
   699  0291                     	;# 
   700  0292                     	;# 
   701  0293                     	;# 
   702  0294                     	;# 
   703  0295                     	;# 
   704  0295                     	;# 
   705  0296                     	;# 
   706  0298                     	;# 
   707  0298                     	;# 
   708  0299                     	;# 
   709  029A                     	;# 
   710  029B                     	;# 
   711  029C                     	;# 
   712  029C                     	;# 
   713  029D                     	;# 
   714  029E                     	;# 
   715  029F                     	;# 
   716  0311                     	;# 
   717  0311                     	;# 
   718  0312                     	;# 
   719  0313                     	;# 
   720  0314                     	;# 
   721  0315                     	;# 
   722  0315                     	;# 
   723  0316                     	;# 
   724  0318                     	;# 
   725  0318                     	;# 
   726  0319                     	;# 
   727  031A                     	;# 
   728  031C                     	;# 
   729  031C                     	;# 
   730  031D                     	;# 
   731  031E                     	;# 
   732  0394                     	;# 
   733  0395                     	;# 
   734  0396                     	;# 
   735  0415                     	;# 
   736  0416                     	;# 
   737  0417                     	;# 
   738  041C                     	;# 
   739  041D                     	;# 
   740  041E                     	;# 
   741  0791                     	;# 
   742  0792                     	;# 
   743  0793                     	;# 
   744  0794                     	;# 
   745  0795                     	;# 
   746  0798                     	;# 
   747  0799                     	;# 
   748  079A                     	;# 
   749  07A0                     	;# 
   750  07A1                     	;# 
   751  07A2                     	;# 
   752  07A3                     	;# 
   753  07A4                     	;# 
   754  07A5                     	;# 
   755  07A6                     	;# 
   756  07A7                     	;# 
   757  07A8                     	;# 
   758  07A9                     	;# 
   759  07AA                     	;# 
   760  07AB                     	;# 
   761  0FE4                     	;# 
   762  0FE5                     	;# 
   763  0FE6                     	;# 
   764  0FE7                     	;# 
   765  0FE8                     	;# 
   766  0FE9                     	;# 
   767  0FEA                     	;# 
   768  0FEB                     	;# 
   769  0FED                     	;# 
   770  0FEE                     	;# 
   771  0FEF                     	;# 
   772  0000                     	;# 
   773  0001                     	;# 
   774  0002                     	;# 
   775  0003                     	;# 
   776  0004                     	;# 
   777  0005                     	;# 
   778  0006                     	;# 
   779  0007                     	;# 
   780  0008                     	;# 
   781  0009                     	;# 
   782  000A                     	;# 
   783  000B                     	;# 
   784  000C                     	;# 
   785  000D                     	;# 
   786  000E                     	;# 
   787  000F                     	;# 
   788  0010                     	;# 
   789  0011                     	;# 
   790  0012                     	;# 
   791  0013                     	;# 
   792  0015                     	;# 
   793  0016                     	;# 
   794  0016                     	;# 
   795  0017                     	;# 
   796  0018                     	;# 
   797  0019                     	;# 
   798  001A                     	;# 
   799  001B                     	;# 
   800  001C                     	;# 
   801  001E                     	;# 
   802  001F                     	;# 
   803  008C                     	;# 
   804  008D                     	;# 
   805  008E                     	;# 
   806  008F                     	;# 
   807  0090                     	;# 
   808  0091                     	;# 
   809  0092                     	;# 
   810  0093                     	;# 
   811  0095                     	;# 
   812  0096                     	;# 
   813  0097                     	;# 
   814  0098                     	;# 
   815  0099                     	;# 
   816  009A                     	;# 
   817  009B                     	;# 
   818  009B                     	;# 
   819  009C                     	;# 
   820  009D                     	;# 
   821  009E                     	;# 
   822  010C                     	;# 
   823  010D                     	;# 
   824  010E                     	;# 
   825  010F                     	;# 
   826  0110                     	;# 
   827  0111                     	;# 
   828  0112                     	;# 
   829  0113                     	;# 
   830  0114                     	;# 
   831  0115                     	;# 
   832  0116                     	;# 
   833  0117                     	;# 
   834  0118                     	;# 
   835  0119                     	;# 
   836  011A                     	;# 
   837  011B                     	;# 
   838  011D                     	;# 
   839  018C                     	;# 
   840  018D                     	;# 
   841  018F                     	;# 
   842  0190                     	;# 
   843  0191                     	;# 
   844  0191                     	;# 
   845  0192                     	;# 
   846  0193                     	;# 
   847  0193                     	;# 
   848  0193                     	;# 
   849  0194                     	;# 
   850  0195                     	;# 
   851  0196                     	;# 
   852  0199                     	;# 
   853  019A                     	;# 
   854  019B                     	;# 
   855  019B                     	;# 
   856  019B                     	;# 
   857  019B                     	;# 
   858  019C                     	;# 
   859  019C                     	;# 
   860  019D                     	;# 
   861  019E                     	;# 
   862  019F                     	;# 
   863  020D                     	;# 
   864  0210                     	;# 
   865  0211                     	;# 
   866  0212                     	;# 
   867  0213                     	;# 
   868  0214                     	;# 
   869  0215                     	;# 
   870  0215                     	;# 
   871  0216                     	;# 
   872  0217                     	;# 
   873  0291                     	;# 
   874  0291                     	;# 
   875  0292                     	;# 
   876  0293                     	;# 
   877  0294                     	;# 
   878  0295                     	;# 
   879  0295                     	;# 
   880  0296                     	;# 
   881  0298                     	;# 
   882  0298                     	;# 
   883  0299                     	;# 
   884  029A                     	;# 
   885  029B                     	;# 
   886  029C                     	;# 
   887  029C                     	;# 
   888  029D                     	;# 
   889  029E                     	;# 
   890  029F                     	;# 
   891  0311                     	;# 
   892  0311                     	;# 
   893  0312                     	;# 
   894  0313                     	;# 
   895  0314                     	;# 
   896  0315                     	;# 
   897  0315                     	;# 
   898  0316                     	;# 
   899  0318                     	;# 
   900  0318                     	;# 
   901  0319                     	;# 
   902  031A                     	;# 
   903  031C                     	;# 
   904  031C                     	;# 
   905  031D                     	;# 
   906  031E                     	;# 
   907  0394                     	;# 
   908  0395                     	;# 
   909  0396                     	;# 
   910  0415                     	;# 
   911  0416                     	;# 
   912  0417                     	;# 
   913  041C                     	;# 
   914  041D                     	;# 
   915  041E                     	;# 
   916  0791                     	;# 
   917  0792                     	;# 
   918  0793                     	;# 
   919  0794                     	;# 
   920  0795                     	;# 
   921  0798                     	;# 
   922  0799                     	;# 
   923  079A                     	;# 
   924  07A0                     	;# 
   925  07A1                     	;# 
   926  07A2                     	;# 
   927  07A3                     	;# 
   928  07A4                     	;# 
   929  07A5                     	;# 
   930  07A6                     	;# 
   931  07A7                     	;# 
   932  07A8                     	;# 
   933  07A9                     	;# 
   934  07AA                     	;# 
   935  07AB                     	;# 
   936  0FE4                     	;# 
   937  0FE5                     	;# 
   938  0FE6                     	;# 
   939  0FE7                     	;# 
   940  0FE8                     	;# 
   941  0FE9                     	;# 
   942  0FEA                     	;# 
   943  0FEB                     	;# 
   944  0FED                     	;# 
   945  0FEE                     	;# 
   946  0FEF                     	;# 
   947                           
   948                           	psect	idataBANK1
   949  0329                     __pidataBANK1:
   950                           
   951                           ;initializer for main@F3033
   952  0329  3439               	retlw	low _setA2
   953  032A  3402               	retlw	high _setA2
   954  032B  3444               	retlw	low _setA3
   955  032C  3402               	retlw	high _setA3
   956  032D  344F               	retlw	low _setA7
   957  032E  3402               	retlw	high _setA7
   958  032F  345A               	retlw	low _setC0
   959  0330  3402               	retlw	high _setC0
   960  0331  3465               	retlw	low _setD0
   961  0332  3402               	retlw	high _setD0
   962  0333  3470               	retlw	low _setD2
   963  0334  3402               	retlw	high _setD2
   964  0335  347B               	retlw	low _setC4
   965  0336  3402               	retlw	high _setC4
   966  0337  3486               	retlw	low _setC6
   967  0338  3402               	retlw	high _setC6
   968  0339  3491               	retlw	low _setD4
   969  033A  3402               	retlw	high _setD4
   970  033B  342E               	retlw	low _setD6
   971  033C  3402               	retlw	high _setD6
   972                           
   973                           ;initializer for main@F3007
   974  033D  34A7               	retlw	low _setA0
   975  033E  3402               	retlw	high _setA0
   976  033F  349C               	retlw	low _setE1
   977  0340  3402               	retlw	high _setE1
   978  0341  34B2               	retlw	low _setA6
   979  0342  3402               	retlw	high _setA6
   980  0343  34BD               	retlw	low _setC3
   981  0344  3402               	retlw	high _setC3
   982  0345  34C8               	retlw	low _setD1
   983  0346  3402               	retlw	high _setD1
   984  0347  34D3               	retlw	low _setD3
   985  0348  3402               	retlw	high _setD3
   986  0349  34DE               	retlw	low _setC5
   987  034A  3402               	retlw	high _setC5
   988  034B  34E9               	retlw	low _setC7
   989  034C  3402               	retlw	high _setC7
   990  034D  34F4               	retlw	low _setD5
   991  034E  3402               	retlw	high _setD5
   992  034F  34FF               	retlw	low _setD7
   993  0350  3402               	retlw	high _setD7
   994  000D                     _PORTBbits	set	13
   995  000C                     _PORTAbits	set	12
   996  0097                     _WDTCON	set	151
   997  0098                     _OSCTUNE	set	152
   998  0099                     _OSCCON	set	153
   999  0095                     _OPTION_REGbits	set	149
  1000  008F                     _TRISD	set	143
  1001  008E                     _TRISC	set	142
  1002  008D                     _TRISB	set	141
  1003  008C                     _TRISA	set	140
  1004  0090                     _TRISE	set	144
  1005  010F                     _LATDbits	set	271
  1006  010E                     _LATCbits	set	270
  1007  0110                     _LATEbits	set	272
  1008  010C                     _LATAbits	set	268
  1009  0116                     _BORCON	set	278
  1010  011D                     _APFCON	set	285
  1011  010E                     _LATC	set	270
  1012  010D                     _LATB	set	269
  1013  010C                     _LATA	set	268
  1014  010F                     _LATD	set	271
  1015  0110                     _LATE	set	272
  1016  018C                     _ANSELA	set	396
  1017  0190                     _ANSELE	set	400
  1018  018D                     _ANSELB	set	397
  1019  018F                     _ANSELD	set	399
  1020  020D                     _WPUB	set	525
  1021  0210                     _WPUE	set	528
  1022                           
  1023                           	psect	cinit
  1024  07F1                     start_initialization:	
  1025                           ; #config settings
  1026                           
  1027  07F1                     __initialization:
  1028                           
  1029                           ; Initialize objects allocated to BANK1
  1030  07F1  3029               	movlw	low __pidataBANK1
  1031  07F2  0084               	movwf	4
  1032  07F3  3083               	movlw	(high __pidataBANK1)| (0+128)
  1033  07F4  0085               	movwf	5
  1034  07F5  30A0               	movlw	low __pdataBANK1
  1035  07F6  0086               	movwf	6
  1036  07F7  3000               	movlw	high __pdataBANK1
  1037  07F8  0087               	movwf	7
  1038  07F9  3028               	movlw	40
  1039  07FA  3182  2217  3187   	fcall	init_ram
  1040  07FD                     end_of_initialization:	
  1041                           ;End of C runtime variable initialization code
  1042                           
  1043  07FD                     __end_of__initialization:
  1044  07FD  0020               	movlb	0
  1045  07FE  3183  2B51         	ljmp	_main	;jump to C main() function
  1046                           
  1047                           	psect	dataBANK1
  1048  00A0                     __pdataBANK1:
  1049  00A0                     main@F3033:
  1050  00A0                     	ds	20
  1051  00B4                     main@F3007:
  1052  00B4                     	ds	20
  1053                           
  1054                           	psect	inittext
  1055  0217                     init_ram:
  1056  0217  00FE               	movwf	btemp
  1057  0218                     initloop:
  1058  0218  0012               	moviw fsr0++
  1059  0219  001E               	movwi fsr1++
  1060  021A  0BFE               	decfsz	btemp,f
  1061  021B  2A18               	goto	initloop
  1062  021C  3400               	retlw	0
  1063                           
  1064                           	psect	cstackCOMMON
  1065  0070                     __pcstackCOMMON:
  1066  0070                     ?_OSCILLATOR_Initialize:
  1067  0070                     ??_OSCILLATOR_Initialize:	
  1068                           ; 1 bytes @ 0x0
  1069                           
  1070  0070                     ?_WDT_Initialize:	
  1071                           ; 1 bytes @ 0x0
  1072                           
  1073  0070                     ??_WDT_Initialize:	
  1074                           ; 1 bytes @ 0x0
  1075                           
  1076  0070                     ?_PIN_MANAGER_Initialize:	
  1077                           ; 1 bytes @ 0x0
  1078                           
  1079  0070                     ??_PIN_MANAGER_Initialize:	
  1080                           ; 1 bytes @ 0x0
  1081                           
  1082  0070                     ?_SYSTEM_Initialize:	
  1083                           ; 1 bytes @ 0x0
  1084                           
  1085  0070                     ??_SYSTEM_Initialize:	
  1086                           ; 1 bytes @ 0x0
  1087                           
  1088  0070                     ?_setA0:	
  1089                           ; 1 bytes @ 0x0
  1090                           
  1091  0070                     ?_setE1:	
  1092                           ; 1 bytes @ 0x0
  1093                           
  1094  0070                     ?_setA6:	
  1095                           ; 1 bytes @ 0x0
  1096                           
  1097  0070                     ?_setC3:	
  1098                           ; 1 bytes @ 0x0
  1099                           
  1100  0070                     ?_setD1:	
  1101                           ; 1 bytes @ 0x0
  1102                           
  1103  0070                     ?_setD3:	
  1104                           ; 1 bytes @ 0x0
  1105                           
  1106  0070                     ?_setC5:	
  1107                           ; 1 bytes @ 0x0
  1108                           
  1109  0070                     ?_setC7:	
  1110                           ; 1 bytes @ 0x0
  1111                           
  1112  0070                     ?_setD5:	
  1113                           ; 1 bytes @ 0x0
  1114                           
  1115  0070                     ?_setD7:	
  1116                           ; 1 bytes @ 0x0
  1117                           
  1118  0070                     ?_setA2:	
  1119                           ; 1 bytes @ 0x0
  1120                           
  1121  0070                     ?_setA3:	
  1122                           ; 1 bytes @ 0x0
  1123                           
  1124  0070                     ?_setA7:	
  1125                           ; 1 bytes @ 0x0
  1126                           
  1127  0070                     ?_setC0:	
  1128                           ; 1 bytes @ 0x0
  1129                           
  1130  0070                     ?_setD0:	
  1131                           ; 1 bytes @ 0x0
  1132                           
  1133  0070                     ?_setD2:	
  1134                           ; 1 bytes @ 0x0
  1135                           
  1136  0070                     ?_setC4:	
  1137                           ; 1 bytes @ 0x0
  1138                           
  1139  0070                     ?_setC6:	
  1140                           ; 1 bytes @ 0x0
  1141                           
  1142  0070                     ?_setD4:	
  1143                           ; 1 bytes @ 0x0
  1144                           
  1145  0070                     ?_setD6:	
  1146                           ; 1 bytes @ 0x0
  1147                           
  1148  0070                     ?_main:	
  1149                           ; 1 bytes @ 0x0
  1150                           
  1151  0070                     setA0@status:	
  1152                           ; 1 bytes @ 0x0
  1153                           
  1154  0070                     setE1@status:	
  1155                           ; 1 bytes @ 0x0
  1156                           
  1157  0070                     setA6@status:	
  1158                           ; 1 bytes @ 0x0
  1159                           
  1160  0070                     setC3@status:	
  1161                           ; 1 bytes @ 0x0
  1162                           
  1163  0070                     setD1@status:	
  1164                           ; 1 bytes @ 0x0
  1165                           
  1166  0070                     setD3@status:	
  1167                           ; 1 bytes @ 0x0
  1168                           
  1169  0070                     setC5@status:	
  1170                           ; 1 bytes @ 0x0
  1171                           
  1172  0070                     setC7@status:	
  1173                           ; 1 bytes @ 0x0
  1174                           
  1175  0070                     setD5@status:	
  1176                           ; 1 bytes @ 0x0
  1177                           
  1178  0070                     setD7@status:	
  1179                           ; 1 bytes @ 0x0
  1180                           
  1181  0070                     setA2@status:	
  1182                           ; 1 bytes @ 0x0
  1183                           
  1184  0070                     setA3@status:	
  1185                           ; 1 bytes @ 0x0
  1186                           
  1187  0070                     setA7@status:	
  1188                           ; 1 bytes @ 0x0
  1189                           
  1190  0070                     setC0@status:	
  1191                           ; 1 bytes @ 0x0
  1192                           
  1193  0070                     setD0@status:	
  1194                           ; 1 bytes @ 0x0
  1195                           
  1196  0070                     setD2@status:	
  1197                           ; 1 bytes @ 0x0
  1198                           
  1199  0070                     setC4@status:	
  1200                           ; 1 bytes @ 0x0
  1201                           
  1202  0070                     setC6@status:	
  1203                           ; 1 bytes @ 0x0
  1204                           
  1205  0070                     setD4@status:	
  1206                           ; 1 bytes @ 0x0
  1207                           
  1208  0070                     setD6@status:	
  1209                           ; 1 bytes @ 0x0
  1210                           
  1211                           
  1212                           ; 1 bytes @ 0x0
  1213  0070                     	ds	1
  1214  0071                     ??_setA0:
  1215  0071                     ??_setE1:	
  1216                           ; 1 bytes @ 0x1
  1217                           
  1218  0071                     ??_setA6:	
  1219                           ; 1 bytes @ 0x1
  1220                           
  1221  0071                     ??_setC3:	
  1222                           ; 1 bytes @ 0x1
  1223                           
  1224  0071                     ??_setD1:	
  1225                           ; 1 bytes @ 0x1
  1226                           
  1227  0071                     ??_setD3:	
  1228                           ; 1 bytes @ 0x1
  1229                           
  1230  0071                     ??_setC5:	
  1231                           ; 1 bytes @ 0x1
  1232                           
  1233  0071                     ??_setC7:	
  1234                           ; 1 bytes @ 0x1
  1235                           
  1236  0071                     ??_setD5:	
  1237                           ; 1 bytes @ 0x1
  1238                           
  1239  0071                     ??_setD7:	
  1240                           ; 1 bytes @ 0x1
  1241                           
  1242  0071                     ??_setA2:	
  1243                           ; 1 bytes @ 0x1
  1244                           
  1245  0071                     ??_setA3:	
  1246                           ; 1 bytes @ 0x1
  1247                           
  1248  0071                     ??_setA7:	
  1249                           ; 1 bytes @ 0x1
  1250                           
  1251  0071                     ??_setC0:	
  1252                           ; 1 bytes @ 0x1
  1253                           
  1254  0071                     ??_setD0:	
  1255                           ; 1 bytes @ 0x1
  1256                           
  1257  0071                     ??_setD2:	
  1258                           ; 1 bytes @ 0x1
  1259                           
  1260  0071                     ??_setC4:	
  1261                           ; 1 bytes @ 0x1
  1262                           
  1263  0071                     ??_setC6:	
  1264                           ; 1 bytes @ 0x1
  1265                           
  1266  0071                     ??_setD4:	
  1267                           ; 1 bytes @ 0x1
  1268                           
  1269  0071                     ??_setD6:	
  1270                           ; 1 bytes @ 0x1
  1271                           
  1272  0071                     ??_main:	
  1273                           ; 1 bytes @ 0x1
  1274                           
  1275                           
  1276                           ; 1 bytes @ 0x1
  1277  0071                     	ds	2
  1278                           
  1279                           	psect	cstackBANK0
  1280  0020                     __pcstackBANK0:
  1281  0020                     main@Upper_LED:
  1282                           
  1283                           ; 20 bytes @ 0x0
  1284  0020                     	ds	20
  1285  0034                     main@Lower_LED:
  1286                           
  1287                           ; 20 bytes @ 0x14
  1288  0034                     	ds	20
  1289  0048                     _main$409:
  1290                           
  1291                           ; 2 bytes @ 0x28
  1292  0048                     	ds	2
  1293  004A                     _main$411:
  1294                           
  1295                           ; 2 bytes @ 0x2A
  1296  004A                     	ds	2
  1297  004C                     main@i_421:
  1298                           
  1299                           ; 2 bytes @ 0x2C
  1300  004C                     	ds	2
  1301  004E                     main@i_423:
  1302                           
  1303                           ; 2 bytes @ 0x2E
  1304  004E                     	ds	2
  1305  0050                     main@i_408:
  1306                           
  1307                           ; 2 bytes @ 0x30
  1308  0050                     	ds	2
  1309  0052                     main@i_422:
  1310                           
  1311                           ; 2 bytes @ 0x32
  1312  0052                     	ds	2
  1313  0054                     main@i_424:
  1314                           
  1315                           ; 2 bytes @ 0x34
  1316  0054                     	ds	2
  1317  0056                     main@i_410:
  1318                           
  1319                           ; 2 bytes @ 0x36
  1320  0056                     	ds	2
  1321  0058                     main@i:
  1322                           
  1323                           ; 2 bytes @ 0x38
  1324  0058                     	ds	2
  1325  005A                     main@i_406:
  1326                           
  1327                           ; 2 bytes @ 0x3A
  1328  005A                     	ds	2
  1329  005C                     main@i_407:
  1330                           
  1331                           ; 2 bytes @ 0x3C
  1332  005C                     	ds	2
  1333  005E                     main@i_412:
  1334                           
  1335                           ; 2 bytes @ 0x3E
  1336  005E                     	ds	2
  1337  0060                     main@i_425:
  1338                           
  1339                           ; 2 bytes @ 0x40
  1340  0060                     	ds	2
  1341  0062                     main@i_426:
  1342                           
  1343                           ; 2 bytes @ 0x42
  1344  0062                     	ds	2
  1345  0064                     main@mode:
  1346                           
  1347                           ; 1 bytes @ 0x44
  1348  0064                     	ds	1
  1349  0065                     main@savedStatus:
  1350                           
  1351                           ; 4 bytes @ 0x45
  1352  0065                     	ds	4
  1353  0069                     main@currentStatus:
  1354                           
  1355                           ; 4 bytes @ 0x49
  1356  0069                     	ds	4
  1357                           
  1358                           	psect	maintext
  1359  0351                     __pmaintext:	
  1360 ;;
  1361 ;;Main: autosize = 0, tempsize = 2, incstack = 0, save=0
  1362 ;;
  1363 ;; *************** function _main *****************
  1364 ;; Defined at:
  1365 ;;		line 63 in file "main.c"
  1366 ;; Parameters:    Size  Location     Type
  1367 ;;		None
  1368 ;; Auto vars:     Size  Location     Type
  1369 ;;  i               2   62[BANK0 ] int 
  1370 ;;  i               2   54[BANK0 ] int 
  1371 ;;  i               2   48[BANK0 ] int 
  1372 ;;  i               2   60[BANK0 ] int 
  1373 ;;  i               2   58[BANK0 ] int 
  1374 ;;  i               2   56[BANK0 ] int 
  1375 ;;  i               2   66[BANK0 ] int 
  1376 ;;  i               2   64[BANK0 ] int 
  1377 ;;  i               2   52[BANK0 ] int 
  1378 ;;  i               2   46[BANK0 ] int 
  1379 ;;  i               2   50[BANK0 ] int 
  1380 ;;  i               2   44[BANK0 ] int 
  1381 ;;  Lower_LED      20   20[BANK0 ] PTR FTN(_Bool ,)void [10
  1382 ;;		 -> setD6(1), setD4(1), setC6(1), setC4(1), 
  1383 ;;		 -> setD2(1), setD0(1), setC0(1), setA7(1), 
  1384 ;;		 -> setA3(1), setA2(1), 
  1385 ;;  Upper_LED      20    0[BANK0 ] PTR FTN(_Bool ,)void [10
  1386 ;;		 -> setD7(1), setD5(1), setC7(1), setC5(1), 
  1387 ;;		 -> setD3(1), setD1(1), setC3(1), setA6(1), 
  1388 ;;		 -> setE1(1), setA0(1), 
  1389 ;;  currentStatu    4   73[BANK0 ] struct .
  1390 ;;  savedStatus     4   69[BANK0 ] struct .
  1391 ;;  mode            1   68[BANK0 ] enum E3000
  1392 ;; Return value:  Size  Location     Type
  1393 ;;                  1    wreg      void 
  1394 ;; Registers used:
  1395 ;;		wreg, fsr0l, fsr0h, fsr1l, fsr1h, status,2, status,0, pclath, cstack
  1396 ;; Tracked objects:
  1397 ;;		On entry : B1F/0
  1398 ;;		On exit  : 0/0
  1399 ;;		Unchanged: 0/0
  1400 ;; Data sizes:     COMMON   BANK0   BANK1   BANK2   BANK3   BANK4   BANK5   BANK6   BANK7   BANK8   BANK9  BANK10  BANK1
      +1  BANK12
  1401 ;;      Params:         0       0       0       0       0       0       0       0       0       0       0       0       
      +0       0
  1402 ;;      Locals:         0      77       0       0       0       0       0       0       0       0       0       0       
      +0       0
  1403 ;;      Temps:          2       0       0       0       0       0       0       0       0       0       0       0       
      +0       0
  1404 ;;      Totals:         2      77       0       0       0       0       0       0       0       0       0       0       
      +0       0
  1405 ;;Total ram usage:       79 bytes
  1406 ;; Hardware stack levels required when called: 2
  1407 ;; This function calls:
  1408 ;;		_SYSTEM_Initialize
  1409 ;;		_setA0
  1410 ;;		_setA2
  1411 ;;		_setA3
  1412 ;;		_setA6
  1413 ;;		_setA7
  1414 ;;		_setC0
  1415 ;;		_setC3
  1416 ;;		_setC4
  1417 ;;		_setC5
  1418 ;;		_setC6
  1419 ;;		_setC7
  1420 ;;		_setD0
  1421 ;;		_setD1
  1422 ;;		_setD2
  1423 ;;		_setD3
  1424 ;;		_setD4
  1425 ;;		_setD5
  1426 ;;		_setD6
  1427 ;;		_setD7
  1428 ;;		_setE1
  1429 ;; This function is called by:
  1430 ;;		Startup code after reset
  1431 ;; This function uses a non-reentrant model
  1432 ;;
  1433                           
  1434                           
  1435                           ;psect for function _main
  1436  0351                     _main:
  1437  0351                     l1534:	
  1438                           ;incstack = 0
  1439                           ; Regs used in _main: [wreg-fsr1h+status,2+status,0+pclath+cstack]
  1440                           
  1441                           
  1442                           ;main.c: 66:     SYSTEM_Initialize();
  1443  0351  3182  2224  3183   	fcall	_SYSTEM_Initialize
  1444  0354                     l1536:
  1445                           
  1446                           ;main.c: 67:     Status_t savedStatus, currentStatus;;main.c: 68:     void (* Upper_LED[
      +                          10])(_Bool) = {setA0, setE1, setA6, setC3, setD1, setD3, setC5, setC7, setD5, setD7};
  1447  0354  30B4               	movlw	low main@F3007
  1448  0355  0086               	movwf	6
  1449  0356  3000               	movlw	high main@F3007
  1450  0357  0087               	movwf	7
  1451  0358  3020               	movlw	low main@Upper_LED
  1452  0359  0084               	movwf	4
  1453  035A  3000               	movlw	high main@Upper_LED
  1454  035B  0085               	movwf	5
  1455  035C  3014               	movlw	20
  1456  035D  00F1               	movwf	??_main
  1457  035E                     u1110:
  1458  035E  0016               	moviw fsr1++
  1459  035F  001A               	movwi fsr0++
  1460  0360  0BF1               	decfsz	??_main,f
  1461  0361  2B5E               	goto	u1110
  1462  0362                     l1538:
  1463                           
  1464                           ;main.c: 69:     void (* Lower_LED[10])(_Bool) = {setA2, setA3, setA7, setC0, setD0, set
      +                          D2, setC4, setC6, setD4, setD6};
  1465  0362  30A0               	movlw	low main@F3033
  1466  0363  0086               	movwf	6
  1467  0364  3000               	movlw	high main@F3033
  1468  0365  0087               	movwf	7
  1469  0366  3034               	movlw	low main@Lower_LED
  1470  0367  0084               	movwf	4
  1471  0368  3000               	movlw	high main@Lower_LED
  1472  0369  0085               	movwf	5
  1473  036A  3014               	movlw	20
  1474  036B  00F1               	movwf	??_main
  1475  036C                     u1120:
  1476  036C  0016               	moviw fsr1++
  1477  036D  001A               	movwi fsr0++
  1478  036E  0BF1               	decfsz	??_main,f
  1479  036F  2B6C               	goto	u1120
  1480  0370                     l1540:
  1481                           
  1482                           ;main.c: 70:     MODE mode = OFF;
  1483  0370  0020               	movlb	0	; select bank0
  1484  0371  01E4               	clrf	main@mode
  1485  0372  0AE4               	incf	main@mode,f
  1486  0373                     l1542:
  1487                           
  1488                           ;main.c: 71:     currentStatus.upperCounter = 5;
  1489  0373  3005               	movlw	5
  1490  0374  00F1               	movwf	??_main
  1491  0375  0871               	movf	??_main,w
  1492  0376  00E9               	movwf	main@currentStatus
  1493  0377                     l1544:
  1494                           
  1495                           ;main.c: 72:     currentStatus.lowerCounter = 4;
  1496  0377  3004               	movlw	4
  1497  0378  00F1               	movwf	??_main
  1498  0379  0871               	movf	??_main,w
  1499  037A  00EA               	movwf	main@currentStatus+1
  1500  037B                     l1546:
  1501                           
  1502                           ;main.c: 73:     currentStatus.upperStop = 5;
  1503  037B  3005               	movlw	5
  1504  037C  00F1               	movwf	??_main
  1505  037D  0871               	movf	??_main,w
  1506  037E  00EB               	movwf	main@currentStatus+2
  1507  037F                     l1548:
  1508                           
  1509                           ;main.c: 74:     currentStatus.lowerStop = 4;
  1510  037F  3004               	movlw	4
  1511  0380  00F1               	movwf	??_main
  1512  0381  0871               	movf	??_main,w
  1513  0382  00EC               	movwf	main@currentStatus+3
  1514  0383                     l1550:
  1515                           
  1516                           ;main.c: 76:     savedStatus.upperCounter = 5;
  1517  0383  3005               	movlw	5
  1518  0384  00F1               	movwf	??_main
  1519  0385  0871               	movf	??_main,w
  1520  0386  00E5               	movwf	main@savedStatus
  1521  0387                     l1552:
  1522                           
  1523                           ;main.c: 77:     savedStatus.lowerCounter = 4;
  1524  0387  3004               	movlw	4
  1525  0388  00F1               	movwf	??_main
  1526  0389  0871               	movf	??_main,w
  1527  038A  00E6               	movwf	main@savedStatus+1
  1528  038B                     l1554:
  1529                           
  1530                           ;main.c: 78:     savedStatus.upperStop = 5;
  1531  038B  3005               	movlw	5
  1532  038C  00F1               	movwf	??_main
  1533  038D  0871               	movf	??_main,w
  1534  038E  00E7               	movwf	main@savedStatus+2
  1535  038F                     l1556:
  1536                           
  1537                           ;main.c: 79:     savedStatus.lowerStop = 4;
  1538  038F  3004               	movlw	4
  1539  0390  00F1               	movwf	??_main
  1540  0391  0871               	movf	??_main,w
  1541  0392  00E8               	movwf	main@savedStatus+3
  1542  0393                     l1558:
  1543  0393  0022               	movlb	2	; select bank2
  1544  0394  108E               	bcf	14,1	;volatile
  1545  0395                     l1560:
  1546  0395  110E               	bcf	14,2	;volatile
  1547  0396                     l1562:
  1548                           
  1549                           ;main.c: 84:     {;main.c: 86:         if(PORTAbits.RA4 == 0)
  1550  0396  0020               	movlb	0	; select bank0
  1551  0397  1A0C               	btfsc	12,4	;volatile
  1552  0398  2B9A               	goto	u1131
  1553  0399  2B9B               	goto	u1130
  1554  039A                     u1131:
  1555  039A  2D2E               	goto	l319
  1556  039B                     u1130:
  1557  039B                     l1564:
  1558                           
  1559                           ;main.c: 87:         {;main.c: 88:             _delay((unsigned long)((100)*(500000/4000
      +                          .0)));
  1560  039B  3011               	movlw	17
  1561  039C  00F1               	movwf	??_main
  1562  039D  303A               	movlw	58
  1563  039E                     u1817:
  1564  039E  0B89               	decfsz	9,f
  1565  039F  2B9E               	goto	u1817
  1566  03A0  0BF1               	decfsz	??_main,f
  1567  03A1  2B9E               	goto	u1817
  1568  03A2  3200               	nop2
  1569  03A3                     l1566:
  1570                           
  1571                           ;main.c: 89:             if(PORTAbits.RA4 == 0)
  1572  03A3  0020               	movlb	0	; select bank0
  1573  03A4  1A0C               	btfsc	12,4	;volatile
  1574  03A5  2BA7               	goto	u1141
  1575  03A6  2BA8               	goto	u1140
  1576  03A7                     u1141:
  1577  03A7  2D2E               	goto	l319
  1578  03A8                     u1140:
  1579  03A8                     l1568:
  1580  03A8  1003               	clrc
  1581  03A9  0022               	movlb	2	; select bank2
  1582  03AA  1D10               	btfss	16,2	;volatile
  1583  03AB  1403               	setc
  1584  03AC  1803               	btfsc	3,0
  1585  03AD  2BAF               	goto	u1151
  1586  03AE  2BB2               	goto	u1150
  1587  03AF                     u1151:
  1588  03AF  0022               	movlb	2	; select bank2
  1589  03B0  1510               	bsf	16,2	;volatile
  1590  03B1  2BB4               	goto	u1164
  1591  03B2                     u1150:
  1592  03B2  0022               	movlb	2	; select bank2
  1593  03B3  1110               	bcf	16,2	;volatile
  1594  03B4                     u1164:
  1595  03B4                     l1570:
  1596                           
  1597                           ;main.c: 92:                 if(mode == OFF)
  1598  03B4  0020               	movlb	0	; select bank0
  1599  03B5  0364               	decf	main@mode,w
  1600  03B6  1D03               	btfss	3,2
  1601  03B7  2BB9               	goto	u1171
  1602  03B8  2BBA               	goto	u1170
  1603  03B9                     u1171:
  1604  03B9  2D00               	goto	l323
  1605  03BA                     u1170:
  1606  03BA                     l1572:
  1607                           
  1608                           ;main.c: 93:                 {;main.c: 94:                     mode = ON;
  1609  03BA  01E4               	clrf	main@mode
  1610                           
  1611                           ;main.c: 96:                     for(int i = 0; i < 10; i++)
  1612  03BB  01D8               	clrf	main@i
  1613  03BC  01D9               	clrf	main@i+1
  1614  03BD                     l1578:
  1615                           
  1616                           ;main.c: 97:                     {;main.c: 98:                         Upper_LED[i](0);
  1617  03BD  01F0               	clrf	setD7@status
  1618  03BE  0020               	movlb	0	; select bank0
  1619  03BF  3558               	lslf	main@i,w
  1620  03C0  3E20               	addlw	(low (main@Upper_LED| 0))& (0+255)
  1621  03C1  0086               	movwf	6
  1622  03C2  0187               	clrf	7
  1623  03C3  3F41               	moviw [1]fsr1
  1624  03C4  008A               	movwf	10
  1625  03C5  3F40               	moviw [0]fsr1
  1626  03C6  000A               	callw
  1627  03C7  3183               	pagesel	$
  1628                           
  1629                           ;main.c: 99:                         Lower_LED[i](0);
  1630  03C8  01F0               	clrf	setD6@status
  1631  03C9  0020               	movlb	0	; select bank0
  1632  03CA  3558               	lslf	main@i,w
  1633  03CB  3E34               	addlw	(low (main@Lower_LED| 0))& (0+255)
  1634  03CC  0086               	movwf	6
  1635  03CD  0187               	clrf	7
  1636  03CE  3F41               	moviw [1]fsr1
  1637  03CF  008A               	movwf	10
  1638  03D0  3F40               	moviw [0]fsr1
  1639  03D1  000A               	callw
  1640  03D2  3183               	pagesel	$
  1641  03D3                     l1580:
  1642                           
  1643                           ;main.c: 100:                     }
  1644  03D3  3001               	movlw	1
  1645  03D4  0020               	movlb	0	; select bank0
  1646  03D5  07D8               	addwf	main@i,f
  1647  03D6  3000               	movlw	0
  1648  03D7  3DD9               	addwfc	main@i+1,f
  1649  03D8                     l1582:
  1650  03D8  0859               	movf	main@i+1,w
  1651  03D9  3A80               	xorlw	128
  1652  03DA  00F1               	movwf	??_main
  1653  03DB  3080               	movlw	128
  1654  03DC  0271               	subwf	??_main,w
  1655  03DD  1D03               	skipz
  1656  03DE  2BE1               	goto	u1185
  1657  03DF  300A               	movlw	10
  1658  03E0  0258               	subwf	main@i,w
  1659  03E1                     u1185:
  1660  03E1  1C03               	skipc
  1661  03E2  2BE4               	goto	u1181
  1662  03E3  2BE5               	goto	u1180
  1663  03E4                     u1181:
  1664  03E4  2BBD               	goto	l1578
  1665  03E5                     u1180:
  1666  03E5                     l1584:
  1667                           
  1668                           ;main.c: 102:                     for(int i = 0; i < 10; i++)
  1669  03E5  0020               	movlb	0	; select bank0
  1670  03E6  01DA               	clrf	main@i_406
  1671  03E7  01DB               	clrf	main@i_406+1
  1672  03E8                     l1586:
  1673  03E8  085B               	movf	main@i_406+1,w
  1674  03E9  3A80               	xorlw	128
  1675  03EA  00F1               	movwf	??_main
  1676  03EB  3080               	movlw	128
  1677  03EC  0271               	subwf	??_main,w
  1678  03ED  1D03               	skipz
  1679  03EE  2BF1               	goto	u1195
  1680  03EF  300A               	movlw	10
  1681  03F0  025A               	subwf	main@i_406,w
  1682  03F1                     u1195:
  1683  03F1  1C03               	skipc
  1684  03F2  2BF4               	goto	u1191
  1685  03F3  2BF5               	goto	u1190
  1686  03F4                     u1191:
  1687  03F4  2BF6               	goto	l1590
  1688  03F5                     u1190:
  1689  03F5  2C1C               	goto	l1598
  1690  03F6                     l1590:
  1691                           
  1692                           ;main.c: 103:                     {;main.c: 104:                         Upper_LED[i](1)
      +                          ;
  1693  03F6  01F0               	clrf	setD7@status
  1694  03F7  0AF0               	incf	setD7@status,f
  1695  03F8  0020               	movlb	0	; select bank0
  1696  03F9  355A               	lslf	main@i_406,w
  1697  03FA  3E20               	addlw	(low (main@Upper_LED| 0))& (0+255)
  1698  03FB  0086               	movwf	6
  1699  03FC  0187               	clrf	7
  1700  03FD  3F41               	moviw [1]fsr1
  1701  03FE  008A               	movwf	10
  1702  03FF  3F40               	moviw [0]fsr1
  1703  0400  000A               	callw
  1704  0401  3183               	pagesel	$
  1705                           
  1706                           ;main.c: 105:                         Lower_LED[i](1);
  1707  0402  01F0               	clrf	setD6@status
  1708  0403  0AF0               	incf	setD6@status,f
  1709  0404  0020               	movlb	0	; select bank0
  1710  0405  355A               	lslf	main@i_406,w
  1711  0406  3E34               	addlw	(low (main@Lower_LED| 0))& (0+255)
  1712  0407  0086               	movwf	6
  1713  0408  0187               	clrf	7
  1714  0409  3F41               	moviw [1]fsr1
  1715  040A  008A               	movwf	10
  1716  040B  3F40               	moviw [0]fsr1
  1717  040C  000A               	callw
  1718  040D  3183               	pagesel	$
  1719  040E                     l1592:
  1720                           
  1721                           ;main.c: 106:                         _delay((unsigned long)((50)*(500000/4000.0)));
  1722  040E  3009               	movlw	9
  1723  040F  00F1               	movwf	??_main
  1724  0410  301C               	movlw	28
  1725  0411                     u1827:
  1726  0411  0B89               	decfsz	9,f
  1727  0412  2C11               	goto	u1827
  1728  0413  0BF1               	decfsz	??_main,f
  1729  0414  2C11               	goto	u1827
  1730  0415  3200               	nop2
  1731  0416                     l1594:
  1732                           
  1733                           ;main.c: 107:                     }
  1734  0416  3001               	movlw	1
  1735  0417  0020               	movlb	0	; select bank0
  1736  0418  07DA               	addwf	main@i_406,f
  1737  0419  3000               	movlw	0
  1738  041A  3DDB               	addwfc	main@i_406+1,f
  1739  041B  2BE8               	goto	l1586
  1740  041C                     l1598:
  1741                           
  1742                           ;main.c: 108:                     for(int i = 9; i >= 0; i--)
  1743  041C  3009               	movlw	9
  1744  041D  0020               	movlb	0	; select bank0
  1745  041E  00DC               	movwf	main@i_407
  1746  041F  3000               	movlw	0
  1747  0420  00DD               	movwf	main@i_407+1
  1748  0421                     l1600:
  1749  0421  1FDD               	btfss	main@i_407+1,7
  1750  0422  2C24               	goto	u1201
  1751  0423  2C25               	goto	u1200
  1752  0424                     u1201:
  1753  0424  2C26               	goto	l1604
  1754  0425                     u1200:
  1755  0425  2C49               	goto	l1612
  1756  0426                     l1604:
  1757                           
  1758                           ;main.c: 109:                     {;main.c: 110:                         Upper_LED[i](0)
      +                          ;
  1759  0426  01F0               	clrf	setD7@status
  1760  0427  355C               	lslf	main@i_407,w
  1761  0428  3E20               	addlw	(low (main@Upper_LED| 0))& (0+255)
  1762  0429  0086               	movwf	6
  1763  042A  0187               	clrf	7
  1764  042B  3F41               	moviw [1]fsr1
  1765  042C  008A               	movwf	10
  1766  042D  3F40               	moviw [0]fsr1
  1767  042E  000A               	callw
  1768  042F  3183               	pagesel	$
  1769                           
  1770                           ;main.c: 111:                         Lower_LED[i](0);
  1771  0430  01F0               	clrf	setD6@status
  1772  0431  0020               	movlb	0	; select bank0
  1773  0432  355C               	lslf	main@i_407,w
  1774  0433  3E34               	addlw	(low (main@Lower_LED| 0))& (0+255)
  1775  0434  0086               	movwf	6
  1776  0435  0187               	clrf	7
  1777  0436  3F41               	moviw [1]fsr1
  1778  0437  008A               	movwf	10
  1779  0438  3F40               	moviw [0]fsr1
  1780  0439  000A               	callw
  1781  043A  3183               	pagesel	$
  1782  043B                     l1606:
  1783                           
  1784                           ;main.c: 112:                         _delay((unsigned long)((100)*(500000/4000.0)));
  1785  043B  3011               	movlw	17
  1786  043C  00F1               	movwf	??_main
  1787  043D  303A               	movlw	58
  1788  043E                     u1837:
  1789  043E  0B89               	decfsz	9,f
  1790  043F  2C3E               	goto	u1837
  1791  0440  0BF1               	decfsz	??_main,f
  1792  0441  2C3E               	goto	u1837
  1793  0442  3200               	nop2
  1794  0443                     l1608:
  1795                           
  1796                           ;main.c: 113:                     }
  1797  0443  30FF               	movlw	255
  1798  0444  0020               	movlb	0	; select bank0
  1799  0445  07DC               	addwf	main@i_407,f
  1800  0446  30FF               	movlw	255
  1801  0447  3DDD               	addwfc	main@i_407+1,f
  1802  0448  2C21               	goto	l1600
  1803  0449                     l1612:
  1804                           
  1805                           ;main.c: 114:                     for(int i = 0; i < (currentStatus.upperCounter > curre
      +                          ntStatus.lowerCounter ? currentStatus.lowerCounter : currentStatus.upperCounter); i++)
  1806  0449  01D0               	clrf	main@i_408
  1807  044A  01D1               	clrf	main@i_408+1
  1808  044B  2C71               	goto	l1620
  1809  044C                     l1614:
  1810                           
  1811                           ;main.c: 115:                     {;main.c: 116:                         Upper_LED[i](1)
      +                          ;
  1812  044C  01F0               	clrf	setD7@status
  1813  044D  0AF0               	incf	setD7@status,f
  1814  044E  0020               	movlb	0	; select bank0
  1815  044F  3550               	lslf	main@i_408,w
  1816  0450  3E20               	addlw	(low (main@Upper_LED| 0))& (0+255)
  1817  0451  0086               	movwf	6
  1818  0452  0187               	clrf	7
  1819  0453  3F41               	moviw [1]fsr1
  1820  0454  008A               	movwf	10
  1821  0455  3F40               	moviw [0]fsr1
  1822  0456  000A               	callw
  1823  0457  3183               	pagesel	$
  1824                           
  1825                           ;main.c: 117:                         Lower_LED[i](1);
  1826  0458  01F0               	clrf	setD6@status
  1827  0459  0AF0               	incf	setD6@status,f
  1828  045A  0020               	movlb	0	; select bank0
  1829  045B  3550               	lslf	main@i_408,w
  1830  045C  3E34               	addlw	(low (main@Lower_LED| 0))& (0+255)
  1831  045D  0086               	movwf	6
  1832  045E  0187               	clrf	7
  1833  045F  3F41               	moviw [1]fsr1
  1834  0460  008A               	movwf	10
  1835  0461  3F40               	moviw [0]fsr1
  1836  0462  000A               	callw
  1837  0463  3183               	pagesel	$
  1838  0464                     l1616:
  1839                           
  1840                           ;main.c: 118:                         _delay((unsigned long)((50)*(500000/4000.0)));
  1841  0464  3009               	movlw	9
  1842  0465  00F1               	movwf	??_main
  1843  0466  301C               	movlw	28
  1844  0467                     u1847:
  1845  0467  0B89               	decfsz	9,f
  1846  0468  2C67               	goto	u1847
  1847  0469  0BF1               	decfsz	??_main,f
  1848  046A  2C67               	goto	u1847
  1849  046B  3200               	nop2
  1850  046C                     l1618:
  1851                           
  1852                           ;main.c: 119:                     }
  1853  046C  3001               	movlw	1
  1854  046D  0020               	movlb	0	; select bank0
  1855  046E  07D0               	addwf	main@i_408,f
  1856  046F  3000               	movlw	0
  1857  0470  3DD1               	addwfc	main@i_408+1,f
  1858  0471                     l1620:
  1859  0471  0869               	movf	main@currentStatus,w
  1860  0472  026A               	subwf	main@currentStatus+1,w
  1861  0473  1C03               	skipc
  1862  0474  2C76               	goto	u1211
  1863  0475  2C77               	goto	u1210
  1864  0476                     u1211:
  1865  0476  2C7F               	goto	l1624
  1866  0477                     u1210:
  1867  0477                     l1622:
  1868  0477  0869               	movf	main@currentStatus,w
  1869  0478  00F1               	movwf	??_main
  1870  0479  01F2               	clrf	??_main+1
  1871  047A  0871               	movf	??_main,w
  1872  047B  00C8               	movwf	_main$409
  1873  047C  0872               	movf	??_main+1,w
  1874  047D  00C9               	movwf	_main$409+1
  1875  047E  2C86               	goto	l335
  1876  047F                     l1624:
  1877  047F  086A               	movf	main@currentStatus+1,w
  1878  0480  00F1               	movwf	??_main
  1879  0481  01F2               	clrf	??_main+1
  1880  0482  0871               	movf	??_main,w
  1881  0483  00C8               	movwf	_main$409
  1882  0484  0872               	movf	??_main+1,w
  1883  0485  00C9               	movwf	_main$409+1
  1884  0486                     l335:
  1885  0486  0851               	movf	main@i_408+1,w
  1886  0487  3A80               	xorlw	128
  1887  0488  00F1               	movwf	??_main
  1888  0489  0849               	movf	_main$409+1,w
  1889  048A  3A80               	xorlw	128
  1890  048B  0271               	subwf	??_main,w
  1891  048C  1D03               	skipz
  1892  048D  2C90               	goto	u1225
  1893  048E  0848               	movf	_main$409,w
  1894  048F  0250               	subwf	main@i_408,w
  1895  0490                     u1225:
  1896  0490  1C03               	skipc
  1897  0491  2C93               	goto	u1221
  1898  0492  2C94               	goto	u1220
  1899  0493                     u1221:
  1900  0493  2C4C               	goto	l1614
  1901  0494                     u1220:
  1902  0494                     l1626:
  1903                           
  1904                           ;main.c: 120:                     for(int i = (currentStatus.upperCounter > currentStatu
      +                          s.lowerCounter ? currentStatus.lowerCounter : currentStatus.upperCounter); i < (currentS
      +                          tatus.upperCounter < currentStatus.lowerCounter ? currentStatus.lowerCounter : currentSt
      +                          atus.upperCounter); i++)
  1905  0494  0020               	movlb	0	; select bank0
  1906  0495  0869               	movf	main@currentStatus,w
  1907  0496  026A               	subwf	main@currentStatus+1,w
  1908  0497  1C03               	skipc
  1909  0498  2C9A               	goto	u1231
  1910  0499  2C9B               	goto	u1230
  1911  049A                     u1231:
  1912  049A  2CA3               	goto	l1630
  1913  049B                     u1230:
  1914  049B                     l1628:
  1915  049B  0869               	movf	main@currentStatus,w
  1916  049C  00F1               	movwf	??_main
  1917  049D  01F2               	clrf	??_main+1
  1918  049E  0871               	movf	??_main,w
  1919  049F  00D6               	movwf	main@i_410
  1920  04A0  0872               	movf	??_main+1,w
  1921  04A1  00D7               	movwf	main@i_410+1
  1922  04A2  2CDC               	goto	l341
  1923  04A3                     l1630:
  1924  04A3  086A               	movf	main@currentStatus+1,w
  1925  04A4  00F1               	movwf	??_main
  1926  04A5  01F2               	clrf	??_main+1
  1927  04A6  0871               	movf	??_main,w
  1928  04A7  00D6               	movwf	main@i_410
  1929  04A8  0872               	movf	??_main+1,w
  1930  04A9  00D7               	movwf	main@i_410+1
  1931  04AA  2CDC               	goto	l341
  1932  04AB                     l1632:
  1933                           
  1934                           ;main.c: 121:                     {;main.c: 122:                         if (currentStat
      +                          us.upperCounter > currentStatus.lowerCounter)
  1935  04AB  0020               	movlb	0	; select bank0
  1936  04AC  0869               	movf	main@currentStatus,w
  1937  04AD  026A               	subwf	main@currentStatus+1,w
  1938  04AE  1803               	skipnc
  1939  04AF  2CB1               	goto	u1241
  1940  04B0  2CB2               	goto	u1240
  1941  04B1                     u1241:
  1942  04B1  2CBE               	goto	l1636
  1943  04B2                     u1240:
  1944  04B2                     l1634:
  1945                           
  1946                           ;main.c: 123:                             Upper_LED[i](1);
  1947  04B2  01F0               	clrf	setD7@status
  1948  04B3  0AF0               	incf	setD7@status,f
  1949  04B4  3556               	lslf	main@i_410,w
  1950  04B5  3E20               	addlw	(low (main@Upper_LED| 0))& (0+255)
  1951  04B6  0086               	movwf	6
  1952  04B7  0187               	clrf	7
  1953  04B8  3F41               	moviw [1]fsr1
  1954  04B9  008A               	movwf	10
  1955  04BA  3F40               	moviw [0]fsr1
  1956  04BB  000A               	callw
  1957  04BC  3183               	pagesel	$
  1958  04BD  2CCF               	goto	l1640
  1959  04BE                     l1636:
  1960  04BE  086A               	movf	main@currentStatus+1,w
  1961  04BF  0269               	subwf	main@currentStatus,w
  1962  04C0  1803               	skipnc
  1963  04C1  2CC3               	goto	u1251
  1964  04C2  2CC4               	goto	u1250
  1965  04C3                     u1251:
  1966  04C3  2D2E               	goto	l352
  1967  04C4                     u1250:
  1968  04C4                     l1638:
  1969                           
  1970                           ;main.c: 125:                             Lower_LED[i](1);
  1971  04C4  01F0               	clrf	setD6@status
  1972  04C5  0AF0               	incf	setD6@status,f
  1973  04C6  3556               	lslf	main@i_410,w
  1974  04C7  3E34               	addlw	(low (main@Lower_LED| 0))& (0+255)
  1975  04C8  0086               	movwf	6
  1976  04C9  0187               	clrf	7
  1977  04CA  3F41               	moviw [1]fsr1
  1978  04CB  008A               	movwf	10
  1979  04CC  3F40               	moviw [0]fsr1
  1980  04CD  000A               	callw
  1981  04CE  3183               	pagesel	$
  1982  04CF                     l1640:
  1983                           
  1984                           ;main.c: 128:                         _delay((unsigned long)((50)*(500000/4000.0)));
  1985  04CF  3009               	movlw	9
  1986  04D0  00F1               	movwf	??_main
  1987  04D1  301C               	movlw	28
  1988  04D2                     u1857:
  1989  04D2  0B89               	decfsz	9,f
  1990  04D3  2CD2               	goto	u1857
  1991  04D4  0BF1               	decfsz	??_main,f
  1992  04D5  2CD2               	goto	u1857
  1993  04D6  3200               	nop2
  1994                           
  1995                           ;main.c: 129:                     }
  1996  04D7  3001               	movlw	1
  1997  04D8  0020               	movlb	0	; select bank0
  1998  04D9  07D6               	addwf	main@i_410,f
  1999  04DA  3000               	movlw	0
  2000  04DB  3DD7               	addwfc	main@i_410+1,f
  2001  04DC                     l341:
  2002  04DC  086A               	movf	main@currentStatus+1,w
  2003  04DD  0269               	subwf	main@currentStatus,w
  2004  04DE  1C03               	skipc
  2005  04DF  2CE1               	goto	u1261
  2006  04E0  2CE2               	goto	u1260
  2007  04E1                     u1261:
  2008  04E1  2CEA               	goto	l1644
  2009  04E2                     u1260:
  2010  04E2                     l1642:
  2011  04E2  0869               	movf	main@currentStatus,w
  2012  04E3  00F1               	movwf	??_main
  2013  04E4  01F2               	clrf	??_main+1
  2014  04E5  0871               	movf	??_main,w
  2015  04E6  00CA               	movwf	_main$411
  2016  04E7  0872               	movf	??_main+1,w
  2017  04E8  00CB               	movwf	_main$411+1
  2018  04E9  2CF1               	goto	l351
  2019  04EA                     l1644:
  2020  04EA  086A               	movf	main@currentStatus+1,w
  2021  04EB  00F1               	movwf	??_main
  2022  04EC  01F2               	clrf	??_main+1
  2023  04ED  0871               	movf	??_main,w
  2024  04EE  00CA               	movwf	_main$411
  2025  04EF  0872               	movf	??_main+1,w
  2026  04F0  00CB               	movwf	_main$411+1
  2027  04F1                     l351:
  2028  04F1  0857               	movf	main@i_410+1,w
  2029  04F2  3A80               	xorlw	128
  2030  04F3  00F1               	movwf	??_main
  2031  04F4  084B               	movf	_main$411+1,w
  2032  04F5  3A80               	xorlw	128
  2033  04F6  0271               	subwf	??_main,w
  2034  04F7  1D03               	skipz
  2035  04F8  2CFB               	goto	u1275
  2036  04F9  084A               	movf	_main$411,w
  2037  04FA  0256               	subwf	main@i_410,w
  2038  04FB                     u1275:
  2039  04FB  1C03               	skipc
  2040  04FC  2CFE               	goto	u1271
  2041  04FD  2CFF               	goto	u1270
  2042  04FE                     u1271:
  2043  04FE  2CAB               	goto	l1632
  2044  04FF                     u1270:
  2045  04FF  2D2E               	goto	l319
  2046  0500                     l323:	
  2047                           ;main.c: 131:                 else
  2048                           
  2049                           
  2050                           ;main.c: 132:                 {;main.c: 133:                     mode = OFF;
  2051  0500  01E4               	clrf	main@mode
  2052  0501  0AE4               	incf	main@mode,f
  2053  0502                     l1646:
  2054                           
  2055                           ;main.c: 134:                     for(int i = 0; i < 10; i++)
  2056  0502  01DE               	clrf	main@i_412
  2057  0503  01DF               	clrf	main@i_412+1
  2058  0504                     l1648:
  2059  0504  085F               	movf	main@i_412+1,w
  2060  0505  3A80               	xorlw	128
  2061  0506  00F1               	movwf	??_main
  2062  0507  3080               	movlw	128
  2063  0508  0271               	subwf	??_main,w
  2064  0509  1D03               	skipz
  2065  050A  2D0D               	goto	u1285
  2066  050B  300A               	movlw	10
  2067  050C  025E               	subwf	main@i_412,w
  2068  050D                     u1285:
  2069  050D  1C03               	skipc
  2070  050E  2D10               	goto	u1281
  2071  050F  2D11               	goto	u1280
  2072  0510                     u1281:
  2073  0510  2D12               	goto	l1652
  2074  0511                     u1280:
  2075  0511  2D2E               	goto	l319
  2076  0512                     l1652:
  2077                           
  2078                           ;main.c: 135:                     {;main.c: 136:                         Upper_LED[i](0)
      +                          ;
  2079  0512  01F0               	clrf	setD7@status
  2080  0513  0020               	movlb	0	; select bank0
  2081  0514  355E               	lslf	main@i_412,w
  2082  0515  3E20               	addlw	(low (main@Upper_LED| 0))& (0+255)
  2083  0516  0086               	movwf	6
  2084  0517  0187               	clrf	7
  2085  0518  3F41               	moviw [1]fsr1
  2086  0519  008A               	movwf	10
  2087  051A  3F40               	moviw [0]fsr1
  2088  051B  000A               	callw
  2089  051C  3183               	pagesel	$
  2090                           
  2091                           ;main.c: 137:                         Lower_LED[i](0);
  2092  051D  01F0               	clrf	setD6@status
  2093  051E  0020               	movlb	0	; select bank0
  2094  051F  355E               	lslf	main@i_412,w
  2095  0520  3E34               	addlw	(low (main@Lower_LED| 0))& (0+255)
  2096  0521  0086               	movwf	6
  2097  0522  0187               	clrf	7
  2098  0523  3F41               	moviw [1]fsr1
  2099  0524  008A               	movwf	10
  2100  0525  3F40               	moviw [0]fsr1
  2101  0526  000A               	callw
  2102  0527  3183               	pagesel	$
  2103  0528                     l1654:
  2104                           
  2105                           ;main.c: 138:                     }
  2106  0528  3001               	movlw	1
  2107  0529  0020               	movlb	0	; select bank0
  2108  052A  07DE               	addwf	main@i_412,f
  2109  052B  3000               	movlw	0
  2110  052C  3DDF               	addwfc	main@i_412+1,f
  2111  052D  2D04               	goto	l1648
  2112  052E                     l352:	
  2113                           ;main.c: 139:                 }
  2114                           
  2115  052E                     l319:	
  2116                           ;main.c: 141:         }
  2117                           
  2118                           
  2119                           ;main.c: 143:         if(PORTBbits.RB2 == 0)
  2120  052E  0020               	movlb	0	; select bank0
  2121  052F  190D               	btfsc	13,2	;volatile
  2122  0530  2D32               	goto	u1291
  2123  0531  2D33               	goto	u1290
  2124  0532                     u1291:
  2125  0532  2D89               	goto	l1686
  2126  0533                     u1290:
  2127  0533                     l1658:
  2128                           
  2129                           ;main.c: 144:         {;main.c: 145:             if((mode == OFF)&&(currentStatus.upperS
      +                          top < 9))
  2130  0533  0364               	decf	main@mode,w
  2131  0534  1D03               	btfss	3,2
  2132  0535  2D37               	goto	u1301
  2133  0536  2D38               	goto	u1300
  2134  0537                     u1301:
  2135  0537  2D5E               	goto	l1672
  2136  0538                     u1300:
  2137  0538                     l1660:
  2138  0538  3009               	movlw	9
  2139  0539  026B               	subwf	main@currentStatus+2,w
  2140  053A  1803               	skipnc
  2141  053B  2D3D               	goto	u1311
  2142  053C  2D3E               	goto	u1310
  2143  053D                     u1311:
  2144  053D  2D5E               	goto	l1672
  2145  053E                     u1310:
  2146  053E                     l1662:
  2147                           
  2148                           ;main.c: 146:             {;main.c: 147:                 _delay((unsigned long)((100)*(5
      +                          00000/4000.0)));
  2149  053E  3011               	movlw	17
  2150  053F  00F1               	movwf	??_main
  2151  0540  303A               	movlw	58
  2152  0541                     u1867:
  2153  0541  0B89               	decfsz	9,f
  2154  0542  2D41               	goto	u1867
  2155  0543  0BF1               	decfsz	??_main,f
  2156  0544  2D41               	goto	u1867
  2157  0545  3200               	nop2
  2158  0546                     l1664:
  2159                           
  2160                           ;main.c: 148:                 if(PORTBbits.RB2 != 0)
  2161  0546  0020               	movlb	0	; select bank0
  2162  0547  1D0D               	btfss	13,2	;volatile
  2163  0548  2D4A               	goto	u1321
  2164  0549  2D4B               	goto	u1320
  2165  054A                     u1321:
  2166  054A  2D51               	goto	l357
  2167  054B                     u1320:
  2168  054B                     l1666:
  2169                           
  2170                           ;main.c: 149:                     currentStatus.upperStop++;
  2171  054B  3001               	movlw	1
  2172  054C  00F1               	movwf	??_main
  2173  054D  0871               	movf	??_main,w
  2174  054E  0020               	movlb	0	; select bank0
  2175  054F  07EB               	addwf	main@currentStatus+2,f
  2176  0550  2D89               	goto	l1686
  2177  0551                     l357:	
  2178                           ;main.c: 150:                 else if(PORTBbits.RB2 == 0)
  2179                           
  2180  0551  190D               	btfsc	13,2	;volatile
  2181  0552  2D54               	goto	u1331
  2182  0553  2D55               	goto	u1330
  2183  0554                     u1331:
  2184  0554  2D89               	goto	l360
  2185  0555                     u1330:
  2186  0555                     l1668:
  2187                           
  2188                           ;main.c: 151:                 {;main.c: 152:                    _delay((unsigned long)((
      +                          200)*(500000/4000.0)));
  2189  0555  3021               	movlw	33
  2190  0556  00F1               	movwf	??_main
  2191  0557  3076               	movlw	118
  2192  0558                     u1877:
  2193  0558  0B89               	decfsz	9,f
  2194  0559  2D58               	goto	u1877
  2195  055A  0BF1               	decfsz	??_main,f
  2196  055B  2D58               	goto	u1877
  2197  055C  3200               	nop2
  2198  055D  2D4B               	goto	l1666
  2199  055E                     l1672:
  2200  055E  0864               	movf	main@mode,w
  2201  055F  1D03               	btfss	3,2
  2202  0560  2D62               	goto	u1341
  2203  0561  2D63               	goto	u1340
  2204  0562                     u1341:
  2205  0562  2D89               	goto	l1686
  2206  0563                     u1340:
  2207  0563                     l1674:
  2208  0563  300A               	movlw	10
  2209  0564  0269               	subwf	main@currentStatus,w
  2210  0565  1803               	skipnc
  2211  0566  2D68               	goto	u1351
  2212  0567  2D69               	goto	u1350
  2213  0568                     u1351:
  2214  0568  2D89               	goto	l1686
  2215  0569                     u1350:
  2216  0569                     l1676:
  2217                           
  2218                           ;main.c: 157:             {;main.c: 158:                 _delay((unsigned long)((100)*(5
      +                          00000/4000.0)));
  2219  0569  3011               	movlw	17
  2220  056A  00F1               	movwf	??_main
  2221  056B  303A               	movlw	58
  2222  056C                     u1887:
  2223  056C  0B89               	decfsz	9,f
  2224  056D  2D6C               	goto	u1887
  2225  056E  0BF1               	decfsz	??_main,f
  2226  056F  2D6C               	goto	u1887
  2227  0570  3200               	nop2
  2228  0571                     l1678:
  2229                           
  2230                           ;main.c: 159:                 if(PORTBbits.RB2 != 0)
  2231  0571  0020               	movlb	0	; select bank0
  2232  0572  1D0D               	btfss	13,2	;volatile
  2233  0573  2D75               	goto	u1361
  2234  0574  2D76               	goto	u1360
  2235  0575                     u1361:
  2236  0575  2D7C               	goto	l362
  2237  0576                     u1360:
  2238  0576                     l1680:
  2239                           
  2240                           ;main.c: 160:                     currentStatus.upperCounter++;
  2241  0576  3001               	movlw	1
  2242  0577  00F1               	movwf	??_main
  2243  0578  0871               	movf	??_main,w
  2244  0579  0020               	movlb	0	; select bank0
  2245  057A  07E9               	addwf	main@currentStatus,f
  2246  057B  2D89               	goto	l1686
  2247  057C                     l362:	
  2248                           ;main.c: 161:                 else if(PORTBbits.RB2 == 0)
  2249                           
  2250  057C  190D               	btfsc	13,2	;volatile
  2251  057D  2D7F               	goto	u1371
  2252  057E  2D80               	goto	u1370
  2253  057F                     u1371:
  2254  057F  2D89               	goto	l1686
  2255  0580                     u1370:
  2256  0580                     l1682:
  2257                           
  2258                           ;main.c: 162:                 {;main.c: 163:                     _delay((unsigned long)(
      +                          (200)*(500000/4000.0)));
  2259  0580  3021               	movlw	33
  2260  0581  00F1               	movwf	??_main
  2261  0582  3076               	movlw	118
  2262  0583                     u1897:
  2263  0583  0B89               	decfsz	9,f
  2264  0584  2D83               	goto	u1897
  2265  0585  0BF1               	decfsz	??_main,f
  2266  0586  2D83               	goto	u1897
  2267  0587  3200               	nop2
  2268  0588  2D76               	goto	l1680
  2269  0589                     l360:
  2270  0589                     l1686:
  2271                           
  2272                           ;main.c: 169:         if(PORTBbits.RB1 == 0)
  2273  0589  188D               	btfsc	13,1	;volatile
  2274  058A  2D8C               	goto	u1381
  2275  058B  2D8D               	goto	u1380
  2276  058C                     u1381:
  2277  058C  2DDA               	goto	l1714
  2278  058D                     u1380:
  2279  058D                     l1688:
  2280                           
  2281                           ;main.c: 170:         {;main.c: 171:             _delay((unsigned long)((100)*(500000/40
      +                          00.0)));
  2282  058D  3011               	movlw	17
  2283  058E  00F1               	movwf	??_main
  2284  058F  303A               	movlw	58
  2285  0590                     u1907:
  2286  0590  0B89               	decfsz	9,f
  2287  0591  2D90               	goto	u1907
  2288  0592  0BF1               	decfsz	??_main,f
  2289  0593  2D90               	goto	u1907
  2290  0594  3200               	nop2
  2291  0595                     l1690:
  2292                           
  2293                           ;main.c: 172:             if((mode == OFF)&&(currentStatus.lowerStop < 9))
  2294  0595  0020               	movlb	0	; select bank0
  2295  0596  0364               	decf	main@mode,w
  2296  0597  1D03               	btfss	3,2
  2297  0598  2D9A               	goto	u1391
  2298  0599  2D9B               	goto	u1390
  2299  059A                     u1391:
  2300  059A  2DB8               	goto	l1702
  2301  059B                     u1390:
  2302  059B                     l1692:
  2303  059B  3009               	movlw	9
  2304  059C  026C               	subwf	main@currentStatus+3,w
  2305  059D  1803               	skipnc
  2306  059E  2DA0               	goto	u1401
  2307  059F  2DA1               	goto	u1400
  2308  05A0                     u1401:
  2309  05A0  2DB8               	goto	l1702
  2310  05A1                     u1400:
  2311  05A1                     l1694:
  2312                           
  2313                           ;main.c: 173:             {;main.c: 174:                 if(PORTBbits.RB1 != 0)
  2314  05A1  1C8D               	btfss	13,1	;volatile
  2315  05A2  2DA4               	goto	u1411
  2316  05A3  2DA5               	goto	u1410
  2317  05A4                     u1411:
  2318  05A4  2DAB               	goto	l367
  2319  05A5                     u1410:
  2320  05A5                     l1696:
  2321                           
  2322                           ;main.c: 175:                    currentStatus.lowerStop++;
  2323  05A5  3001               	movlw	1
  2324  05A6  00F1               	movwf	??_main
  2325  05A7  0871               	movf	??_main,w
  2326  05A8  0020               	movlb	0	; select bank0
  2327  05A9  07EC               	addwf	main@currentStatus+3,f
  2328  05AA  2DDA               	goto	l1714
  2329  05AB                     l367:	
  2330                           ;main.c: 176:                 else if(PORTBbits.RB1 == 0)
  2331                           
  2332  05AB  188D               	btfsc	13,1	;volatile
  2333  05AC  2DAE               	goto	u1421
  2334  05AD  2DAF               	goto	u1420
  2335  05AE                     u1421:
  2336  05AE  2DDA               	goto	l370
  2337  05AF                     u1420:
  2338  05AF                     l1698:
  2339                           
  2340                           ;main.c: 177:                 {;main.c: 178:                     _delay((unsigned long)(
      +                          (200)*(500000/4000.0)));
  2341  05AF  3021               	movlw	33
  2342  05B0  00F1               	movwf	??_main
  2343  05B1  3076               	movlw	118
  2344  05B2                     u1917:
  2345  05B2  0B89               	decfsz	9,f
  2346  05B3  2DB2               	goto	u1917
  2347  05B4  0BF1               	decfsz	??_main,f
  2348  05B5  2DB2               	goto	u1917
  2349  05B6  3200               	nop2
  2350  05B7  2DA5               	goto	l1696
  2351  05B8                     l1702:
  2352  05B8  0864               	movf	main@mode,w
  2353  05B9  1D03               	btfss	3,2
  2354  05BA  2DBC               	goto	u1431
  2355  05BB  2DBD               	goto	u1430
  2356  05BC                     u1431:
  2357  05BC  2DDA               	goto	l1714
  2358  05BD                     u1430:
  2359  05BD                     l1704:
  2360  05BD  300A               	movlw	10
  2361  05BE  026A               	subwf	main@currentStatus+1,w
  2362  05BF  1803               	skipnc
  2363  05C0  2DC2               	goto	u1441
  2364  05C1  2DC3               	goto	u1440
  2365  05C2                     u1441:
  2366  05C2  2DDA               	goto	l1714
  2367  05C3                     u1440:
  2368  05C3                     l1706:
  2369                           
  2370                           ;main.c: 183:             {;main.c: 184:                 if(PORTBbits.RB1 != 0)
  2371  05C3  1C8D               	btfss	13,1	;volatile
  2372  05C4  2DC6               	goto	u1451
  2373  05C5  2DC7               	goto	u1450
  2374  05C6                     u1451:
  2375  05C6  2DCD               	goto	l372
  2376  05C7                     u1450:
  2377  05C7                     l1708:
  2378                           
  2379                           ;main.c: 185:                     currentStatus.lowerCounter++;
  2380  05C7  3001               	movlw	1
  2381  05C8  00F1               	movwf	??_main
  2382  05C9  0871               	movf	??_main,w
  2383  05CA  0020               	movlb	0	; select bank0
  2384  05CB  07EA               	addwf	main@currentStatus+1,f
  2385  05CC  2DDA               	goto	l1714
  2386  05CD                     l372:	
  2387                           ;main.c: 186:                 else if(PORTBbits.RB1 == 0)
  2388                           
  2389  05CD  188D               	btfsc	13,1	;volatile
  2390  05CE  2DD0               	goto	u1461
  2391  05CF  2DD1               	goto	u1460
  2392  05D0                     u1461:
  2393  05D0  2DDA               	goto	l1714
  2394  05D1                     u1460:
  2395  05D1                     l1710:
  2396                           
  2397                           ;main.c: 187:                 {;main.c: 188:                     _delay((unsigned long)(
      +                          (200)*(500000/4000.0)));
  2398  05D1  3021               	movlw	33
  2399  05D2  00F1               	movwf	??_main
  2400  05D3  3076               	movlw	118
  2401  05D4                     u1927:
  2402  05D4  0B89               	decfsz	9,f
  2403  05D5  2DD4               	goto	u1927
  2404  05D6  0BF1               	decfsz	??_main,f
  2405  05D7  2DD4               	goto	u1927
  2406  05D8  3200               	nop2
  2407  05D9  2DC7               	goto	l1708
  2408  05DA                     l370:
  2409  05DA                     l1714:
  2410                           
  2411                           ;main.c: 194:         if(PORTBbits.RB4 == 0)
  2412  05DA  1A0D               	btfsc	13,4	;volatile
  2413  05DB  2DDD               	goto	u1471
  2414  05DC  2DDE               	goto	u1470
  2415  05DD                     u1471:
  2416  05DD  2E25               	goto	l1742
  2417  05DE                     u1470:
  2418  05DE                     l1716:
  2419                           
  2420                           ;main.c: 195:         {;main.c: 196:             _delay((unsigned long)((100)*(500000/40
      +                          00.0)));
  2421  05DE  3011               	movlw	17
  2422  05DF  00F1               	movwf	??_main
  2423  05E0  303A               	movlw	58
  2424  05E1                     u1937:
  2425  05E1  0B89               	decfsz	9,f
  2426  05E2  2DE1               	goto	u1937
  2427  05E3  0BF1               	decfsz	??_main,f
  2428  05E4  2DE1               	goto	u1937
  2429  05E5  3200               	nop2
  2430  05E6                     l1718:
  2431                           
  2432                           ;main.c: 197:             if((mode == OFF)&&(currentStatus.upperStop > 0))
  2433  05E6  0020               	movlb	0	; select bank0
  2434  05E7  0364               	decf	main@mode,w
  2435  05E8  1D03               	btfss	3,2
  2436  05E9  2DEB               	goto	u1481
  2437  05EA  2DEC               	goto	u1480
  2438  05EB                     u1481:
  2439  05EB  2E06               	goto	l1730
  2440  05EC                     u1480:
  2441  05EC                     l1720:
  2442  05EC  086B               	movf	main@currentStatus+2,w
  2443  05ED  1903               	btfsc	3,2
  2444  05EE  2DF0               	goto	u1491
  2445  05EF  2DF1               	goto	u1490
  2446  05F0                     u1491:
  2447  05F0  2E06               	goto	l1730
  2448  05F1                     u1490:
  2449  05F1                     l1722:
  2450                           
  2451                           ;main.c: 198:             {;main.c: 199:                 if(PORTBbits.RB4 != 0)
  2452  05F1  1E0D               	btfss	13,4	;volatile
  2453  05F2  2DF4               	goto	u1501
  2454  05F3  2DF5               	goto	u1500
  2455  05F4                     u1501:
  2456  05F4  2DF9               	goto	l377
  2457  05F5                     u1500:
  2458  05F5                     l1724:
  2459                           
  2460                           ;main.c: 200:                     currentStatus.upperStop--;
  2461  05F5  3001               	movlw	1
  2462  05F6  0020               	movlb	0	; select bank0
  2463  05F7  02EB               	subwf	main@currentStatus+2,f
  2464  05F8  2E25               	goto	l1742
  2465  05F9                     l377:	
  2466                           ;main.c: 201:                 else if(PORTBbits.RB4 == 0)
  2467                           
  2468  05F9  1A0D               	btfsc	13,4	;volatile
  2469  05FA  2DFC               	goto	u1511
  2470  05FB  2DFD               	goto	u1510
  2471  05FC                     u1511:
  2472  05FC  2E25               	goto	l380
  2473  05FD                     u1510:
  2474  05FD                     l1726:
  2475                           
  2476                           ;main.c: 202:                 {;main.c: 203:                     _delay((unsigned long)(
      +                          (200)*(500000/4000.0)));
  2477  05FD  3021               	movlw	33
  2478  05FE  00F1               	movwf	??_main
  2479  05FF  3076               	movlw	118
  2480  0600                     u1947:
  2481  0600  0B89               	decfsz	9,f
  2482  0601  2E00               	goto	u1947
  2483  0602  0BF1               	decfsz	??_main,f
  2484  0603  2E00               	goto	u1947
  2485  0604  3200               	nop2
  2486  0605  2DF5               	goto	l1724
  2487  0606                     l1730:
  2488  0606  0864               	movf	main@mode,w
  2489  0607  1D03               	btfss	3,2
  2490  0608  2E0A               	goto	u1521
  2491  0609  2E0B               	goto	u1520
  2492  060A                     u1521:
  2493  060A  2E25               	goto	l1742
  2494  060B                     u1520:
  2495  060B                     l1732:
  2496  060B  0869               	movf	main@currentStatus,w
  2497  060C  1903               	btfsc	3,2
  2498  060D  2E0F               	goto	u1531
  2499  060E  2E10               	goto	u1530
  2500  060F                     u1531:
  2501  060F  2E25               	goto	l1742
  2502  0610                     u1530:
  2503  0610                     l1734:
  2504                           
  2505                           ;main.c: 208:             {;main.c: 209:                 if(PORTBbits.RB4 != 0)
  2506  0610  1E0D               	btfss	13,4	;volatile
  2507  0611  2E13               	goto	u1541
  2508  0612  2E14               	goto	u1540
  2509  0613                     u1541:
  2510  0613  2E18               	goto	l382
  2511  0614                     u1540:
  2512  0614                     l1736:
  2513                           
  2514                           ;main.c: 210:                     currentStatus.upperCounter--;
  2515  0614  3001               	movlw	1
  2516  0615  0020               	movlb	0	; select bank0
  2517  0616  02E9               	subwf	main@currentStatus,f
  2518  0617  2E25               	goto	l1742
  2519  0618                     l382:	
  2520                           ;main.c: 211:                 else if(PORTBbits.RB4 == 0)
  2521                           
  2522  0618  1A0D               	btfsc	13,4	;volatile
  2523  0619  2E1B               	goto	u1551
  2524  061A  2E1C               	goto	u1550
  2525  061B                     u1551:
  2526  061B  2E25               	goto	l1742
  2527  061C                     u1550:
  2528  061C                     l1738:
  2529                           
  2530                           ;main.c: 212:                 {;main.c: 213:                     _delay((unsigned long)(
      +                          (200)*(500000/4000.0)));
  2531  061C  3021               	movlw	33
  2532  061D  00F1               	movwf	??_main
  2533  061E  3076               	movlw	118
  2534  061F                     u1957:
  2535  061F  0B89               	decfsz	9,f
  2536  0620  2E1F               	goto	u1957
  2537  0621  0BF1               	decfsz	??_main,f
  2538  0622  2E1F               	goto	u1957
  2539  0623  3200               	nop2
  2540  0624  2E14               	goto	l1736
  2541  0625                     l380:
  2542  0625                     l1742:
  2543                           
  2544                           ;main.c: 219:         if(PORTAbits.RA5 == 0)
  2545  0625  1A8C               	btfsc	12,5	;volatile
  2546  0626  2E28               	goto	u1561
  2547  0627  2E29               	goto	u1560
  2548  0628                     u1561:
  2549  0628  2E70               	goto	l1770
  2550  0629                     u1560:
  2551  0629                     l1744:
  2552                           
  2553                           ;main.c: 220:         {;main.c: 221:             _delay((unsigned long)((100)*(500000/40
      +                          00.0)));
  2554  0629  3011               	movlw	17
  2555  062A  00F1               	movwf	??_main
  2556  062B  303A               	movlw	58
  2557  062C                     u1967:
  2558  062C  0B89               	decfsz	9,f
  2559  062D  2E2C               	goto	u1967
  2560  062E  0BF1               	decfsz	??_main,f
  2561  062F  2E2C               	goto	u1967
  2562  0630  3200               	nop2
  2563  0631                     l1746:
  2564                           
  2565                           ;main.c: 222:             if((mode == OFF)&&(currentStatus.lowerStop > 0))
  2566  0631  0020               	movlb	0	; select bank0
  2567  0632  0364               	decf	main@mode,w
  2568  0633  1D03               	btfss	3,2
  2569  0634  2E36               	goto	u1571
  2570  0635  2E37               	goto	u1570
  2571  0636                     u1571:
  2572  0636  2E51               	goto	l1758
  2573  0637                     u1570:
  2574  0637                     l1748:
  2575  0637  086C               	movf	main@currentStatus+3,w
  2576  0638  1903               	btfsc	3,2
  2577  0639  2E3B               	goto	u1581
  2578  063A  2E3C               	goto	u1580
  2579  063B                     u1581:
  2580  063B  2E51               	goto	l1758
  2581  063C                     u1580:
  2582  063C                     l1750:
  2583                           
  2584                           ;main.c: 223:             {;main.c: 224:                 if(PORTAbits.RA5 != 0)
  2585  063C  1E8C               	btfss	12,5	;volatile
  2586  063D  2E3F               	goto	u1591
  2587  063E  2E40               	goto	u1590
  2588  063F                     u1591:
  2589  063F  2E44               	goto	l387
  2590  0640                     u1590:
  2591  0640                     l1752:
  2592                           
  2593                           ;main.c: 225:                     currentStatus.lowerStop--;
  2594  0640  3001               	movlw	1
  2595  0641  0020               	movlb	0	; select bank0
  2596  0642  02EC               	subwf	main@currentStatus+3,f
  2597  0643  2E70               	goto	l1770
  2598  0644                     l387:	
  2599                           ;main.c: 226:                 else if(PORTAbits.RA5 == 0)
  2600                           
  2601  0644  1A8C               	btfsc	12,5	;volatile
  2602  0645  2E47               	goto	u1601
  2603  0646  2E48               	goto	u1600
  2604  0647                     u1601:
  2605  0647  2E70               	goto	l390
  2606  0648                     u1600:
  2607  0648                     l1754:
  2608                           
  2609                           ;main.c: 227:                 {;main.c: 228:                     _delay((unsigned long)(
      +                          (200)*(500000/4000.0)));
  2610  0648  3021               	movlw	33
  2611  0649  00F1               	movwf	??_main
  2612  064A  3076               	movlw	118
  2613  064B                     u1977:
  2614  064B  0B89               	decfsz	9,f
  2615  064C  2E4B               	goto	u1977
  2616  064D  0BF1               	decfsz	??_main,f
  2617  064E  2E4B               	goto	u1977
  2618  064F  3200               	nop2
  2619  0650  2E40               	goto	l1752
  2620  0651                     l1758:
  2621  0651  0864               	movf	main@mode,w
  2622  0652  1D03               	btfss	3,2
  2623  0653  2E55               	goto	u1611
  2624  0654  2E56               	goto	u1610
  2625  0655                     u1611:
  2626  0655  2E70               	goto	l1770
  2627  0656                     u1610:
  2628  0656                     l1760:
  2629  0656  086A               	movf	main@currentStatus+1,w
  2630  0657  1903               	btfsc	3,2
  2631  0658  2E5A               	goto	u1621
  2632  0659  2E5B               	goto	u1620
  2633  065A                     u1621:
  2634  065A  2E70               	goto	l1770
  2635  065B                     u1620:
  2636  065B                     l1762:
  2637                           
  2638                           ;main.c: 233:             {;main.c: 234:                             if(PORTAbits.RA5 !=
      +                           0)
  2639  065B  1E8C               	btfss	12,5	;volatile
  2640  065C  2E5E               	goto	u1631
  2641  065D  2E5F               	goto	u1630
  2642  065E                     u1631:
  2643  065E  2E63               	goto	l392
  2644  065F                     u1630:
  2645  065F                     l1764:
  2646                           
  2647                           ;main.c: 235:                 currentStatus.lowerCounter--;
  2648  065F  3001               	movlw	1
  2649  0660  0020               	movlb	0	; select bank0
  2650  0661  02EA               	subwf	main@currentStatus+1,f
  2651  0662  2E70               	goto	l1770
  2652  0663                     l392:	
  2653                           ;main.c: 236:                 else if(PORTAbits.RA5 == 0)
  2654                           
  2655  0663  1A8C               	btfsc	12,5	;volatile
  2656  0664  2E66               	goto	u1641
  2657  0665  2E67               	goto	u1640
  2658  0666                     u1641:
  2659  0666  2E70               	goto	l1770
  2660  0667                     u1640:
  2661  0667                     l1766:
  2662                           
  2663                           ;main.c: 237:                 {;main.c: 238:                     _delay((unsigned long)(
      +                          (200)*(500000/4000.0)));
  2664  0667  3021               	movlw	33
  2665  0668  00F1               	movwf	??_main
  2666  0669  3076               	movlw	118
  2667  066A                     u1987:
  2668  066A  0B89               	decfsz	9,f
  2669  066B  2E6A               	goto	u1987
  2670  066C  0BF1               	decfsz	??_main,f
  2671  066D  2E6A               	goto	u1987
  2672  066E  3200               	nop2
  2673  066F  2E5F               	goto	l1764
  2674  0670                     l390:
  2675  0670                     l1770:
  2676                           
  2677                           ;main.c: 245:         if(PORTBbits.RB5 == 0)
  2678  0670  1A8D               	btfsc	13,5	;volatile
  2679  0671  2E73               	goto	u1651
  2680  0672  2E74               	goto	u1650
  2681  0673                     u1651:
  2682  0673  2E96               	goto	l1780
  2683  0674                     u1650:
  2684  0674                     l1772:
  2685                           
  2686                           ;main.c: 246:         {;main.c: 248:             _delay((unsigned long)((400)*(500000/40
      +                          00.0)));
  2687  0674  3041               	movlw	65
  2688  0675  00F1               	movwf	??_main
  2689  0676  30EE               	movlw	238
  2690  0677                     u1997:
  2691  0677  0B89               	decfsz	9,f
  2692  0678  2E77               	goto	u1997
  2693  0679  0BF1               	decfsz	??_main,f
  2694  067A  2E77               	goto	u1997
  2695  067B  3200               	nop2
  2696  067C                     l1774:
  2697                           
  2698                           ;main.c: 249:             if(PORTBbits.RB5 != 0)
  2699  067C  0020               	movlb	0	; select bank0
  2700  067D  1E8D               	btfss	13,5	;volatile
  2701  067E  2E80               	goto	u1661
  2702  067F  2E81               	goto	u1660
  2703  0680                     u1661:
  2704  0680  2E8A               	goto	l396
  2705  0681                     u1660:
  2706  0681                     l1776:
  2707                           
  2708                           ;main.c: 250:             {;main.c: 252:                 currentStatus.upperStop = saved
      +                          Status.upperStop;
  2709  0681  0867               	movf	main@savedStatus+2,w
  2710  0682  00F1               	movwf	??_main
  2711  0683  0871               	movf	??_main,w
  2712  0684  00EB               	movwf	main@currentStatus+2
  2713                           
  2714                           ;main.c: 253:                 currentStatus.lowerStop = savedStatus.lowerStop;
  2715  0685  0868               	movf	main@savedStatus+3,w
  2716  0686  00F1               	movwf	??_main
  2717  0687  0871               	movf	??_main,w
  2718  0688  00EC               	movwf	main@currentStatus+3
  2719                           
  2720                           ;main.c: 254:             }
  2721  0689  2E96               	goto	l1780
  2722  068A                     l396:	
  2723                           ;main.c: 255:             else if(PORTBbits.RB5 == 0)
  2724                           
  2725  068A  1A8D               	btfsc	13,5	;volatile
  2726  068B  2E8D               	goto	u1671
  2727  068C  2E8E               	goto	u1670
  2728  068D                     u1671:
  2729  068D  2E96               	goto	l1780
  2730  068E                     u1670:
  2731  068E                     l1778:
  2732                           
  2733                           ;main.c: 256:             {;main.c: 258:                 savedStatus.upperStop = current
      +                          Status.upperStop;
  2734  068E  086B               	movf	main@currentStatus+2,w
  2735  068F  00F1               	movwf	??_main
  2736  0690  0871               	movf	??_main,w
  2737  0691  00E7               	movwf	main@savedStatus+2
  2738                           
  2739                           ;main.c: 259:                 savedStatus.lowerStop = currentStatus.lowerStop;
  2740  0692  086C               	movf	main@currentStatus+3,w
  2741  0693  00F1               	movwf	??_main
  2742  0694  0871               	movf	??_main,w
  2743  0695  00E8               	movwf	main@savedStatus+3
  2744  0696                     l1780:
  2745                           
  2746                           ;main.c: 263:         if(PORTBbits.RB3 == 0)
  2747  0696  198D               	btfsc	13,3	;volatile
  2748  0697  2E99               	goto	u1681
  2749  0698  2E9A               	goto	u1680
  2750  0699                     u1681:
  2751  0699  2FDF               	goto	l1862
  2752  069A                     u1680:
  2753  069A                     l1782:
  2754                           
  2755                           ;main.c: 264:         {;main.c: 266:             _delay((unsigned long)((400)*(500000/40
      +                          00.0)));
  2756  069A  3041               	movlw	65
  2757  069B  00F1               	movwf	??_main
  2758  069C  30EE               	movlw	238
  2759  069D                     u2007:
  2760  069D  0B89               	decfsz	9,f
  2761  069E  2E9D               	goto	u2007
  2762  069F  0BF1               	decfsz	??_main,f
  2763  06A0  2E9D               	goto	u2007
  2764  06A1  3200               	nop2
  2765  06A2                     l1784:
  2766                           
  2767                           ;main.c: 267:             if(PORTBbits.RB3 != 0)
  2768  06A2  0020               	movlb	0	; select bank0
  2769  06A3  1D8D               	btfss	13,3	;volatile
  2770  06A4  2EA6               	goto	u1691
  2771  06A5  2EA7               	goto	u1690
  2772  06A6                     u1691:
  2773  06A6  2EB0               	goto	l400
  2774  06A7                     u1690:
  2775  06A7                     l1786:
  2776                           
  2777                           ;main.c: 268:             {;main.c: 270:                 currentStatus.upperCounter = sa
      +                          vedStatus.upperCounter;
  2778  06A7  0865               	movf	main@savedStatus,w
  2779  06A8  00F1               	movwf	??_main
  2780  06A9  0871               	movf	??_main,w
  2781  06AA  00E9               	movwf	main@currentStatus
  2782                           
  2783                           ;main.c: 271:                 currentStatus.lowerCounter = savedStatus.lowerCounter;
  2784  06AB  0866               	movf	main@savedStatus+1,w
  2785  06AC  00F1               	movwf	??_main
  2786  06AD  0871               	movf	??_main,w
  2787  06AE  00EA               	movwf	main@currentStatus+1
  2788                           
  2789                           ;main.c: 272:             }
  2790  06AF  2FDF               	goto	l1862
  2791  06B0                     l400:	
  2792                           ;main.c: 273:             else if(PORTBbits.RB3 == 0)
  2793                           
  2794  06B0  198D               	btfsc	13,3	;volatile
  2795  06B1  2EB3               	goto	u1701
  2796  06B2  2EB4               	goto	u1700
  2797  06B3                     u1701:
  2798  06B3  2EBD               	goto	l399
  2799  06B4                     u1700:
  2800  06B4                     l1788:
  2801                           
  2802                           ;main.c: 274:             {;main.c: 276:                 savedStatus.upperCounter = curr
      +                          entStatus.upperCounter;
  2803  06B4  0869               	movf	main@currentStatus,w
  2804  06B5  00F1               	movwf	??_main
  2805  06B6  0871               	movf	??_main,w
  2806  06B7  00E5               	movwf	main@savedStatus
  2807                           
  2808                           ;main.c: 277:                 savedStatus.lowerCounter = currentStatus.lowerCounter;
  2809  06B8  086A               	movf	main@currentStatus+1,w
  2810  06B9  00F1               	movwf	??_main
  2811  06BA  0871               	movf	??_main,w
  2812  06BB  00E6               	movwf	main@savedStatus+1
  2813  06BC  2FDF               	goto	l1862
  2814  06BD                     l399:	
  2815                           ;main.c: 279:         }
  2816                           
  2817                           
  2818                           ;main.c: 281:         switch(mode)
  2819  06BD  2FDF               	goto	l1862
  2820  06BE                     l1790:
  2821                           
  2822                           ;main.c: 284:             {;main.c: 286:                 for (int i = 0; i < currentStat
      +                          us.upperCounter; i++)
  2823  06BE  01CC               	clrf	main@i_421
  2824  06BF  01CD               	clrf	main@i_421+1
  2825  06C0  2ED2               	goto	l1796
  2826  06C1                     l1792:
  2827                           
  2828                           ;main.c: 287:                 {;main.c: 288:                     Upper_LED[i](1);
  2829  06C1  01F0               	clrf	setD7@status
  2830  06C2  0AF0               	incf	setD7@status,f
  2831  06C3  0020               	movlb	0	; select bank0
  2832  06C4  354C               	lslf	main@i_421,w
  2833  06C5  3E20               	addlw	(low (main@Upper_LED| 0))& (0+255)
  2834  06C6  0086               	movwf	6
  2835  06C7  0187               	clrf	7
  2836  06C8  3F41               	moviw [1]fsr1
  2837  06C9  008A               	movwf	10
  2838  06CA  3F40               	moviw [0]fsr1
  2839  06CB  000A               	callw
  2840  06CC  3183               	pagesel	$
  2841  06CD                     l1794:
  2842                           
  2843                           ;main.c: 289:                 }
  2844  06CD  3001               	movlw	1
  2845  06CE  0020               	movlb	0	; select bank0
  2846  06CF  07CC               	addwf	main@i_421,f
  2847  06D0  3000               	movlw	0
  2848  06D1  3DCD               	addwfc	main@i_421+1,f
  2849  06D2                     l1796:
  2850  06D2  084D               	movf	main@i_421+1,w
  2851  06D3  3A80               	xorlw	128
  2852  06D4  00F1               	movwf	??_main
  2853  06D5  3080               	movlw	128
  2854  06D6  0271               	subwf	??_main,w
  2855  06D7  1D03               	skipz
  2856  06D8  2EDB               	goto	u1715
  2857  06D9  0869               	movf	main@currentStatus,w
  2858  06DA  024C               	subwf	main@i_421,w
  2859  06DB                     u1715:
  2860  06DB  1C03               	skipc
  2861  06DC  2EDE               	goto	u1711
  2862  06DD  2EDF               	goto	u1710
  2863  06DE                     u1711:
  2864  06DE  2EC1               	goto	l1792
  2865  06DF                     u1710:
  2866  06DF                     l1798:
  2867                           
  2868                           ;main.c: 290:                 for (int i = currentStatus.upperCounter; i < 10; i++)
  2869  06DF  0020               	movlb	0	; select bank0
  2870  06E0  0869               	movf	main@currentStatus,w
  2871  06E1  00F1               	movwf	??_main
  2872  06E2  01F2               	clrf	??_main+1
  2873  06E3  0871               	movf	??_main,w
  2874  06E4  00D2               	movwf	main@i_422
  2875  06E5  0872               	movf	??_main+1,w
  2876  06E6  00D3               	movwf	main@i_422+1
  2877  06E7  0853               	movf	main@i_422+1,w
  2878  06E8  3A80               	xorlw	128
  2879  06E9  00F1               	movwf	??_main
  2880  06EA  3080               	movlw	128
  2881  06EB  0271               	subwf	??_main,w
  2882  06EC  1D03               	skipz
  2883  06ED  2EF0               	goto	u1725
  2884  06EE  300A               	movlw	10
  2885  06EF  0252               	subwf	main@i_422,w
  2886  06F0                     u1725:
  2887  06F0  1C03               	skipc
  2888  06F1  2EF3               	goto	u1721
  2889  06F2  2EF4               	goto	u1720
  2890  06F3                     u1721:
  2891  06F3  2EF5               	goto	l1802
  2892  06F4                     u1720:
  2893  06F4  2F12               	goto	l1808
  2894  06F5                     l1802:
  2895                           
  2896                           ;main.c: 291:                 {;main.c: 292:                     Upper_LED[i](0);
  2897  06F5  01F0               	clrf	setD7@status
  2898  06F6  0020               	movlb	0	; select bank0
  2899  06F7  3552               	lslf	main@i_422,w
  2900  06F8  3E20               	addlw	(low (main@Upper_LED| 0))& (0+255)
  2901  06F9  0086               	movwf	6
  2902  06FA  0187               	clrf	7
  2903  06FB  3F41               	moviw [1]fsr1
  2904  06FC  008A               	movwf	10
  2905  06FD  3F40               	moviw [0]fsr1
  2906  06FE  000A               	callw
  2907  06FF  3183               	pagesel	$
  2908  0700                     l1804:
  2909                           
  2910                           ;main.c: 293:                 }
  2911  0700  3001               	movlw	1
  2912  0701  0020               	movlb	0	; select bank0
  2913  0702  07D2               	addwf	main@i_422,f
  2914  0703  3000               	movlw	0
  2915  0704  3DD3               	addwfc	main@i_422+1,f
  2916  0705                     l1806:
  2917  0705  0853               	movf	main@i_422+1,w
  2918  0706  3A80               	xorlw	128
  2919  0707  00F1               	movwf	??_main
  2920  0708  3080               	movlw	128
  2921  0709  0271               	subwf	??_main,w
  2922  070A  1D03               	skipz
  2923  070B  2F0E               	goto	u1735
  2924  070C  300A               	movlw	10
  2925  070D  0252               	subwf	main@i_422,w
  2926  070E                     u1735:
  2927  070E  1C03               	skipc
  2928  070F  2F11               	goto	u1731
  2929  0710  2F12               	goto	u1730
  2930  0711                     u1731:
  2931  0711  2EF5               	goto	l1802
  2932  0712                     u1730:
  2933  0712                     l1808:
  2934                           
  2935                           ;main.c: 294:                 for (int i = 0; i < currentStatus.lowerCounter; i++)
  2936  0712  0020               	movlb	0	; select bank0
  2937  0713  01CE               	clrf	main@i_423
  2938  0714  01CF               	clrf	main@i_423+1
  2939  0715  2F27               	goto	l1814
  2940  0716                     l1810:
  2941                           
  2942                           ;main.c: 295:                 {;main.c: 296:                     Lower_LED[i](1);
  2943  0716  01F0               	clrf	setD6@status
  2944  0717  0AF0               	incf	setD6@status,f
  2945  0718  0020               	movlb	0	; select bank0
  2946  0719  354E               	lslf	main@i_423,w
  2947  071A  3E34               	addlw	(low (main@Lower_LED| 0))& (0+255)
  2948  071B  0086               	movwf	6
  2949  071C  0187               	clrf	7
  2950  071D  3F41               	moviw [1]fsr1
  2951  071E  008A               	movwf	10
  2952  071F  3F40               	moviw [0]fsr1
  2953  0720  000A               	callw
  2954  0721  3183               	pagesel	$
  2955  0722                     l1812:
  2956                           
  2957                           ;main.c: 297:                 }
  2958  0722  3001               	movlw	1
  2959  0723  0020               	movlb	0	; select bank0
  2960  0724  07CE               	addwf	main@i_423,f
  2961  0725  3000               	movlw	0
  2962  0726  3DCF               	addwfc	main@i_423+1,f
  2963  0727                     l1814:
  2964  0727  084F               	movf	main@i_423+1,w
  2965  0728  3A80               	xorlw	128
  2966  0729  00F1               	movwf	??_main
  2967  072A  3080               	movlw	128
  2968  072B  0271               	subwf	??_main,w
  2969  072C  1D03               	skipz
  2970  072D  2F30               	goto	u1745
  2971  072E  086A               	movf	main@currentStatus+1,w
  2972  072F  024E               	subwf	main@i_423,w
  2973  0730                     u1745:
  2974  0730  1C03               	skipc
  2975  0731  2F33               	goto	u1741
  2976  0732  2F34               	goto	u1740
  2977  0733                     u1741:
  2978  0733  2F16               	goto	l1810
  2979  0734                     u1740:
  2980  0734                     l1816:
  2981                           
  2982                           ;main.c: 299:                 for (int i = currentStatus.lowerCounter; i < 10; i++)
  2983  0734  0020               	movlb	0	; select bank0
  2984  0735  086A               	movf	main@currentStatus+1,w
  2985  0736  00F1               	movwf	??_main
  2986  0737  01F2               	clrf	??_main+1
  2987  0738  0871               	movf	??_main,w
  2988  0739  00D4               	movwf	main@i_424
  2989  073A  0872               	movf	??_main+1,w
  2990  073B  00D5               	movwf	main@i_424+1
  2991  073C  0855               	movf	main@i_424+1,w
  2992  073D  3A80               	xorlw	128
  2993  073E  00F1               	movwf	??_main
  2994  073F  3080               	movlw	128
  2995  0740  0271               	subwf	??_main,w
  2996  0741  1D03               	skipz
  2997  0742  2F45               	goto	u1755
  2998  0743  300A               	movlw	10
  2999  0744  0254               	subwf	main@i_424,w
  3000  0745                     u1755:
  3001  0745  1C03               	skipc
  3002  0746  2F48               	goto	u1751
  3003  0747  2F49               	goto	u1750
  3004  0748                     u1751:
  3005  0748  2F4A               	goto	l1820
  3006  0749                     u1750:
  3007  0749  2B96               	goto	l1562
  3008  074A                     l1820:
  3009                           
  3010                           ;main.c: 300:                 {;main.c: 301:                     Lower_LED[i](0);
  3011  074A  01F0               	clrf	setD6@status
  3012  074B  0020               	movlb	0	; select bank0
  3013  074C  3554               	lslf	main@i_424,w
  3014  074D  3E34               	addlw	(low (main@Lower_LED| 0))& (0+255)
  3015  074E  0086               	movwf	6
  3016  074F  0187               	clrf	7
  3017  0750  3F41               	moviw [1]fsr1
  3018  0751  008A               	movwf	10
  3019  0752  3F40               	moviw [0]fsr1
  3020  0753  000A               	callw
  3021  0754  3183               	pagesel	$
  3022  0755                     l1822:
  3023                           
  3024                           ;main.c: 302:                 }
  3025  0755  3001               	movlw	1
  3026  0756  0020               	movlb	0	; select bank0
  3027  0757  07D4               	addwf	main@i_424,f
  3028  0758  3000               	movlw	0
  3029  0759  3DD5               	addwfc	main@i_424+1,f
  3030  075A                     l1824:
  3031  075A  0855               	movf	main@i_424+1,w
  3032  075B  3A80               	xorlw	128
  3033  075C  00F1               	movwf	??_main
  3034  075D  3080               	movlw	128
  3035  075E  0271               	subwf	??_main,w
  3036  075F  1D03               	skipz
  3037  0760  2F63               	goto	u1765
  3038  0761  300A               	movlw	10
  3039  0762  0254               	subwf	main@i_424,w
  3040  0763                     u1765:
  3041  0763  1C03               	skipc
  3042  0764  2F66               	goto	u1761
  3043  0765  2F67               	goto	u1760
  3044  0766                     u1761:
  3045  0766  2F4A               	goto	l1820
  3046  0767                     u1760:
  3047  0767  2B96               	goto	l1562
  3048  0768                     l1826:
  3049                           
  3050                           ;main.c: 307:             {;main.c: 308:                 Upper_LED[currentStatus.upperSt
      +                          op](1);
  3051  0768  01F0               	clrf	setD7@status
  3052  0769  0AF0               	incf	setD7@status,f
  3053  076A  356B               	lslf	main@currentStatus+2,w
  3054  076B  3E20               	addlw	(low (main@Upper_LED| 0))& (0+255)
  3055  076C  0086               	movwf	6
  3056  076D  0187               	clrf	7
  3057  076E  3F41               	moviw [1]fsr1
  3058  076F  008A               	movwf	10
  3059  0770  3F40               	moviw [0]fsr1
  3060  0771  000A               	callw
  3061  0772  3183               	pagesel	$
  3062                           
  3063                           ;main.c: 309:                 Lower_LED[currentStatus.lowerStop](1);
  3064  0773  01F0               	clrf	setD6@status
  3065  0774  0AF0               	incf	setD6@status,f
  3066  0775  0020               	movlb	0	; select bank0
  3067  0776  356C               	lslf	main@currentStatus+3,w
  3068  0777  3E34               	addlw	(low (main@Lower_LED| 0))& (0+255)
  3069  0778  0086               	movwf	6
  3070  0779  0187               	clrf	7
  3071  077A  3F41               	moviw [1]fsr1
  3072  077B  008A               	movwf	10
  3073  077C  3F40               	moviw [0]fsr1
  3074  077D  000A               	callw
  3075  077E  3183               	pagesel	$
  3076  077F                     l1828:
  3077                           
  3078                           ;main.c: 310:                 for (int i = 0; i < 10; i++)
  3079  077F  0020               	movlb	0	; select bank0
  3080  0780  01E0               	clrf	main@i_425
  3081  0781  01E1               	clrf	main@i_425+1
  3082  0782                     l1830:
  3083  0782  0861               	movf	main@i_425+1,w
  3084  0783  3A80               	xorlw	128
  3085  0784  00F1               	movwf	??_main
  3086  0785  3080               	movlw	128
  3087  0786  0271               	subwf	??_main,w
  3088  0787  1D03               	skipz
  3089  0788  2F8B               	goto	u1775
  3090  0789  300A               	movlw	10
  3091  078A  0260               	subwf	main@i_425,w
  3092  078B                     u1775:
  3093  078B  1C03               	skipc
  3094  078C  2F8E               	goto	u1771
  3095  078D  2F8F               	goto	u1770
  3096  078E                     u1771:
  3097  078E  2F90               	goto	l1834
  3098  078F                     u1770:
  3099  078F  2FAF               	goto	l1844
  3100  0790                     l1834:
  3101                           
  3102                           ;main.c: 311:                 {;main.c: 312:                     if(i == currentStatus.u
      +                          pperStop)
  3103  0790  0020               	movlb	0	; select bank0
  3104  0791  086B               	movf	main@currentStatus+2,w
  3105  0792  00F1               	movwf	??_main
  3106  0793  01F2               	clrf	??_main+1
  3107  0794  0861               	movf	main@i_425+1,w
  3108  0795  0672               	xorwf	??_main+1,w
  3109  0796  1D03               	skipz
  3110  0797  2F9A               	goto	u1785
  3111  0798  0860               	movf	main@i_425,w
  3112  0799  0671               	xorwf	??_main,w
  3113  079A                     u1785:
  3114  079A  1D03               	skipz
  3115  079B  2F9D               	goto	u1781
  3116  079C  2F9E               	goto	u1780
  3117  079D                     u1781:
  3118  079D  2F9F               	goto	l1838
  3119  079E                     u1780:
  3120  079E  2FA9               	goto	l1840
  3121  079F                     l1838:
  3122                           
  3123                           ;main.c: 314:                     Upper_LED[i](0);
  3124  079F  01F0               	clrf	setD7@status
  3125  07A0  3560               	lslf	main@i_425,w
  3126  07A1  3E20               	addlw	(low (main@Upper_LED| 0))& (0+255)
  3127  07A2  0086               	movwf	6
  3128  07A3  0187               	clrf	7
  3129  07A4  3F41               	moviw [1]fsr1
  3130  07A5  008A               	movwf	10
  3131  07A6  3F40               	moviw [0]fsr1
  3132  07A7  000A               	callw
  3133  07A8  3183               	pagesel	$
  3134  07A9                     l1840:
  3135  07A9  3001               	movlw	1
  3136  07AA  0020               	movlb	0	; select bank0
  3137  07AB  07E0               	addwf	main@i_425,f
  3138  07AC  3000               	movlw	0
  3139  07AD  3DE1               	addwfc	main@i_425+1,f
  3140  07AE  2F82               	goto	l1830
  3141  07AF                     l1844:
  3142                           
  3143                           ;main.c: 316:                 for (int i = 0; i < 10; i++)
  3144  07AF  0020               	movlb	0	; select bank0
  3145  07B0  01E2               	clrf	main@i_426
  3146  07B1  01E3               	clrf	main@i_426+1
  3147  07B2                     l1846:
  3148  07B2  0863               	movf	main@i_426+1,w
  3149  07B3  3A80               	xorlw	128
  3150  07B4  00F1               	movwf	??_main
  3151  07B5  3080               	movlw	128
  3152  07B6  0271               	subwf	??_main,w
  3153  07B7  1D03               	skipz
  3154  07B8  2FBB               	goto	u1795
  3155  07B9  300A               	movlw	10
  3156  07BA  0262               	subwf	main@i_426,w
  3157  07BB                     u1795:
  3158  07BB  1C03               	skipc
  3159  07BC  2FBE               	goto	u1791
  3160  07BD  2FBF               	goto	u1790
  3161  07BE                     u1791:
  3162  07BE  2FC0               	goto	l1850
  3163  07BF                     u1790:
  3164  07BF  2B96               	goto	l1562
  3165  07C0                     l1850:
  3166                           
  3167                           ;main.c: 317:                 {;main.c: 318:                     if(i == currentStatus.l
      +                          owerStop)
  3168  07C0  0020               	movlb	0	; select bank0
  3169  07C1  086C               	movf	main@currentStatus+3,w
  3170  07C2  00F1               	movwf	??_main
  3171  07C3  01F2               	clrf	??_main+1
  3172  07C4  0863               	movf	main@i_426+1,w
  3173  07C5  0672               	xorwf	??_main+1,w
  3174  07C6  1D03               	skipz
  3175  07C7  2FCA               	goto	u1805
  3176  07C8  0862               	movf	main@i_426,w
  3177  07C9  0671               	xorwf	??_main,w
  3178  07CA                     u1805:
  3179  07CA  1D03               	skipz
  3180  07CB  2FCD               	goto	u1801
  3181  07CC  2FCE               	goto	u1800
  3182  07CD                     u1801:
  3183  07CD  2FCF               	goto	l1854
  3184  07CE                     u1800:
  3185  07CE  2FD9               	goto	l1856
  3186  07CF                     l1854:
  3187                           
  3188                           ;main.c: 320:                     Lower_LED[i](0);
  3189  07CF  01F0               	clrf	setD6@status
  3190  07D0  3562               	lslf	main@i_426,w
  3191  07D1  3E34               	addlw	(low (main@Lower_LED| 0))& (0+255)
  3192  07D2  0086               	movwf	6
  3193  07D3  0187               	clrf	7
  3194  07D4  3F41               	moviw [1]fsr1
  3195  07D5  008A               	movwf	10
  3196  07D6  3F40               	moviw [0]fsr1
  3197  07D7  000A               	callw
  3198  07D8  3183               	pagesel	$
  3199  07D9                     l1856:
  3200  07D9  3001               	movlw	1
  3201  07DA  0020               	movlb	0	; select bank0
  3202  07DB  07E2               	addwf	main@i_426,f
  3203  07DC  3000               	movlw	0
  3204  07DD  3DE3               	addwfc	main@i_426+1,f
  3205  07DE  2FB2               	goto	l1846
  3206  07DF                     l1862:
  3207  07DF  0864               	movf	main@mode,w
  3208  07E0  00F1               	movwf	??_main
  3209  07E1  01F2               	clrf	??_main+1
  3210                           
  3211                           ; Switch on 2 bytes has been partitioned into a top level switch of size 1, and 1 sub-sw
      +                          itches
  3212                           ; Switch size 1, requested type "simple"
  3213                           ; Number of cases is 1, Range of values is 0 to 0
  3214                           ; switch strategies available:
  3215                           ; Name         Instructions Cycles
  3216                           ; simple_byte            4     3 (average)
  3217                           ; direct_byte            8     6 (fixed)
  3218                           ; jumptable            260     6 (fixed)
  3219                           ;	Chosen strategy is simple_byte
  3220  07E2  0872               	movf	??_main+1,w
  3221  07E3  3A00               	xorlw	0	; case 0
  3222  07E4  1903               	skipnz
  3223  07E5  2FE7               	goto	l1888
  3224  07E6  2B96               	goto	l1562
  3225  07E7                     l1888:
  3226                           
  3227                           ; Switch size 1, requested type "simple"
  3228                           ; Number of cases is 2, Range of values is 0 to 1
  3229                           ; switch strategies available:
  3230                           ; Name         Instructions Cycles
  3231                           ; simple_byte            7     4 (average)
  3232                           ; direct_byte           10     6 (fixed)
  3233                           ; jumptable            260     6 (fixed)
  3234                           ;	Chosen strategy is simple_byte
  3235  07E7  0871               	movf	??_main,w
  3236  07E8  3A00               	xorlw	0	; case 0
  3237  07E9  1903               	skipnz
  3238  07EA  2EBE               	goto	l1790
  3239  07EB  3A01               	xorlw	1	; case 1
  3240  07EC  1903               	skipnz
  3241  07ED  2F68               	goto	l1826
  3242  07EE  2B96               	goto	l1562
  3243  07EF  3180  2802         	ljmp	start
  3244  07F1                     __end_of_main:
  3245                           
  3246                           	psect	text1
  3247  02FF                     __ptext1:	
  3248 ;; *************** function _setD7 *****************
  3249 ;; Defined at:
  3250 ;;		line 78 in file "mcc_generated_files/LED_manager.c"
  3251 ;; Parameters:    Size  Location     Type
  3252 ;;  status          1    0[COMMON] _Bool 
  3253 ;; Auto vars:     Size  Location     Type
  3254 ;;		None
  3255 ;; Return value:  Size  Location     Type
  3256 ;;                  1    wreg      void 
  3257 ;; Registers used:
  3258 ;;		wreg, status,2, status,0
  3259 ;; Tracked objects:
  3260 ;;		On entry : 0/0
  3261 ;;		On exit  : 0/0
  3262 ;;		Unchanged: 0/0
  3263 ;; Data sizes:     COMMON   BANK0   BANK1   BANK2   BANK3   BANK4   BANK5   BANK6   BANK7   BANK8   BANK9  BANK10  BANK1
      +1  BANK12
  3264 ;;      Params:         1       0       0       0       0       0       0       0       0       0       0       0       
      +0       0
  3265 ;;      Locals:         0       0       0       0       0       0       0       0       0       0       0       0       
      +0       0
  3266 ;;      Temps:          0       0       0       0       0       0       0       0       0       0       0       0       
      +0       0
  3267 ;;      Totals:         1       0       0       0       0       0       0       0       0       0       0       0       
      +0       0
  3268 ;;Total ram usage:        1 bytes
  3269 ;; Hardware stack levels used: 1
  3270 ;; This function calls:
  3271 ;;		Nothing
  3272 ;; This function is called by:
  3273 ;;		_main
  3274 ;; This function uses a non-reentrant model
  3275 ;;
  3276                           
  3277                           
  3278                           ;psect for function _setD7
  3279  02FF                     _setD7:
  3280  02FF                     l1512:	
  3281                           ;incstack = 0
  3282                           ; Regs used in _setD7: [wreg+status,2+status,0]
  3283                           
  3284                           
  3285                           ;mcc_generated_files/LED_manager.c: 78: void setD7(_Bool status);mcc_generated_files/LED
      +                          _manager.c: 79: {;mcc_generated_files/LED_manager.c: 80:     if(status == 1)
  3286  02FF  0370               	decf	setD7@status,w
  3287  0300  1D03               	btfss	3,2
  3288  0301  2B03               	goto	u1001
  3289  0302  2B04               	goto	u1000
  3290  0303                     u1001:
  3291  0303  2B07               	goto	l161
  3292  0304                     u1000:
  3293  0304                     l158:	
  3294                           ;mcc_generated_files/LED_manager.c: 81:         do { LATDbits.LATD7 = 1; } while(0);
  3295                           
  3296  0304  0022               	movlb	2	; select bank2
  3297  0305  178F               	bsf	15,7	;volatile
  3298  0306  2B09               	goto	l163
  3299  0307                     l161:	
  3300                           ;mcc_generated_files/LED_manager.c: 83:         do { LATDbits.LATD7 = 0; } while(0);
  3301                           
  3302  0307  0022               	movlb	2	; select bank2
  3303  0308  138F               	bcf	15,7	;volatile
  3304  0309                     l163:
  3305  0309  0008               	return
  3306  030A                     __end_of_setD7:
  3307                           
  3308                           	psect	text2
  3309  02F4                     __ptext2:	
  3310 ;; *************** function _setD5 *****************
  3311 ;; Defined at:
  3312 ;;		line 71 in file "mcc_generated_files/LED_manager.c"
  3313 ;; Parameters:    Size  Location     Type
  3314 ;;  status          1    0[COMMON] _Bool 
  3315 ;; Auto vars:     Size  Location     Type
  3316 ;;		None
  3317 ;; Return value:  Size  Location     Type
  3318 ;;                  1    wreg      void 
  3319 ;; Registers used:
  3320 ;;		wreg, status,2, status,0
  3321 ;; Tracked objects:
  3322 ;;		On entry : 0/0
  3323 ;;		On exit  : 0/0
  3324 ;;		Unchanged: 0/0
  3325 ;; Data sizes:     COMMON   BANK0   BANK1   BANK2   BANK3   BANK4   BANK5   BANK6   BANK7   BANK8   BANK9  BANK10  BANK1
      +1  BANK12
  3326 ;;      Params:         1       0       0       0       0       0       0       0       0       0       0       0       
      +0       0
  3327 ;;      Locals:         0       0       0       0       0       0       0       0       0       0       0       0       
      +0       0
  3328 ;;      Temps:          0       0       0       0       0       0       0       0       0       0       0       0       
      +0       0
  3329 ;;      Totals:         1       0       0       0       0       0       0       0       0       0       0       0       
      +0       0
  3330 ;;Total ram usage:        1 bytes
  3331 ;; Hardware stack levels used: 1
  3332 ;; This function calls:
  3333 ;;		Nothing
  3334 ;; This function is called by:
  3335 ;;		_main
  3336 ;; This function uses a non-reentrant model
  3337 ;;
  3338                           
  3339                           
  3340                           ;psect for function _setD5
  3341  02F4                     _setD5:
  3342  02F4                     l1510:	
  3343                           ;incstack = 0
  3344                           ; Regs used in _setD5: [wreg+status,2+status,0]
  3345                           
  3346                           
  3347                           ;mcc_generated_files/LED_manager.c: 71: void setD5(_Bool status);mcc_generated_files/LED
      +                          _manager.c: 72: {;mcc_generated_files/LED_manager.c: 73:     if(status == 1)
  3348  02F4  0370               	decf	setD5@status,w
  3349  02F5  1D03               	btfss	3,2
  3350  02F6  2AF8               	goto	u991
  3351  02F7  2AF9               	goto	u990
  3352  02F8                     u991:
  3353  02F8  2AFC               	goto	l152
  3354  02F9                     u990:
  3355  02F9                     l149:	
  3356                           ;mcc_generated_files/LED_manager.c: 74:         do { LATDbits.LATD5 = 1; } while(0);
  3357                           
  3358  02F9  0022               	movlb	2	; select bank2
  3359  02FA  168F               	bsf	15,5	;volatile
  3360  02FB  2AFE               	goto	l154
  3361  02FC                     l152:	
  3362                           ;mcc_generated_files/LED_manager.c: 76:         do { LATDbits.LATD5 = 0; } while(0);
  3363                           
  3364  02FC  0022               	movlb	2	; select bank2
  3365  02FD  128F               	bcf	15,5	;volatile
  3366  02FE                     l154:
  3367  02FE  0008               	return
  3368  02FF                     __end_of_setD5:
  3369                           
  3370                           	psect	text3
  3371  02E9                     __ptext3:	
  3372 ;; *************** function _setC7 *****************
  3373 ;; Defined at:
  3374 ;;		line 64 in file "mcc_generated_files/LED_manager.c"
  3375 ;; Parameters:    Size  Location     Type
  3376 ;;  status          1    0[COMMON] _Bool 
  3377 ;; Auto vars:     Size  Location     Type
  3378 ;;		None
  3379 ;; Return value:  Size  Location     Type
  3380 ;;                  1    wreg      void 
  3381 ;; Registers used:
  3382 ;;		wreg, status,2, status,0
  3383 ;; Tracked objects:
  3384 ;;		On entry : 0/0
  3385 ;;		On exit  : 0/0
  3386 ;;		Unchanged: 0/0
  3387 ;; Data sizes:     COMMON   BANK0   BANK1   BANK2   BANK3   BANK4   BANK5   BANK6   BANK7   BANK8   BANK9  BANK10  BANK1
      +1  BANK12
  3388 ;;      Params:         1       0       0       0       0       0       0       0       0       0       0       0       
      +0       0
  3389 ;;      Locals:         0       0       0       0       0       0       0       0       0       0       0       0       
      +0       0
  3390 ;;      Temps:          0       0       0       0       0       0       0       0       0       0       0       0       
      +0       0
  3391 ;;      Totals:         1       0       0       0       0       0       0       0       0       0       0       0       
      +0       0
  3392 ;;Total ram usage:        1 bytes
  3393 ;; Hardware stack levels used: 1
  3394 ;; This function calls:
  3395 ;;		Nothing
  3396 ;; This function is called by:
  3397 ;;		_main
  3398 ;; This function uses a non-reentrant model
  3399 ;;
  3400                           
  3401                           
  3402                           ;psect for function _setC7
  3403  02E9                     _setC7:
  3404  02E9                     l1508:	
  3405                           ;incstack = 0
  3406                           ; Regs used in _setC7: [wreg+status,2+status,0]
  3407                           
  3408                           
  3409                           ;mcc_generated_files/LED_manager.c: 64: void setC7(_Bool status);mcc_generated_files/LED
      +                          _manager.c: 65: {;mcc_generated_files/LED_manager.c: 66:     if(status == 1)
  3410  02E9  0370               	decf	setC7@status,w
  3411  02EA  1D03               	btfss	3,2
  3412  02EB  2AED               	goto	u981
  3413  02EC  2AEE               	goto	u980
  3414  02ED                     u981:
  3415  02ED  2AF1               	goto	l143
  3416  02EE                     u980:
  3417  02EE                     l140:	
  3418                           ;mcc_generated_files/LED_manager.c: 67:         do { LATCbits.LATC7 = 1; } while(0);
  3419                           
  3420  02EE  0022               	movlb	2	; select bank2
  3421  02EF  178E               	bsf	14,7	;volatile
  3422  02F0  2AF3               	goto	l145
  3423  02F1                     l143:	
  3424                           ;mcc_generated_files/LED_manager.c: 69:         do { LATCbits.LATC7 = 0; } while(0);
  3425                           
  3426  02F1  0022               	movlb	2	; select bank2
  3427  02F2  138E               	bcf	14,7	;volatile
  3428  02F3                     l145:
  3429  02F3  0008               	return
  3430  02F4                     __end_of_setC7:
  3431                           
  3432                           	psect	text4
  3433  02DE                     __ptext4:	
  3434 ;; *************** function _setC5 *****************
  3435 ;; Defined at:
  3436 ;;		line 57 in file "mcc_generated_files/LED_manager.c"
  3437 ;; Parameters:    Size  Location     Type
  3438 ;;  status          1    0[COMMON] _Bool 
  3439 ;; Auto vars:     Size  Location     Type
  3440 ;;		None
  3441 ;; Return value:  Size  Location     Type
  3442 ;;                  1    wreg      void 
  3443 ;; Registers used:
  3444 ;;		wreg, status,2, status,0
  3445 ;; Tracked objects:
  3446 ;;		On entry : 0/0
  3447 ;;		On exit  : 0/0
  3448 ;;		Unchanged: 0/0
  3449 ;; Data sizes:     COMMON   BANK0   BANK1   BANK2   BANK3   BANK4   BANK5   BANK6   BANK7   BANK8   BANK9  BANK10  BANK1
      +1  BANK12
  3450 ;;      Params:         1       0       0       0       0       0       0       0       0       0       0       0       
      +0       0
  3451 ;;      Locals:         0       0       0       0       0       0       0       0       0       0       0       0       
      +0       0
  3452 ;;      Temps:          0       0       0       0       0       0       0       0       0       0       0       0       
      +0       0
  3453 ;;      Totals:         1       0       0       0       0       0       0       0       0       0       0       0       
      +0       0
  3454 ;;Total ram usage:        1 bytes
  3455 ;; Hardware stack levels used: 1
  3456 ;; This function calls:
  3457 ;;		Nothing
  3458 ;; This function is called by:
  3459 ;;		_main
  3460 ;; This function uses a non-reentrant model
  3461 ;;
  3462                           
  3463                           
  3464                           ;psect for function _setC5
  3465  02DE                     _setC5:
  3466  02DE                     l1506:	
  3467                           ;incstack = 0
  3468                           ; Regs used in _setC5: [wreg+status,2+status,0]
  3469                           
  3470                           
  3471                           ;mcc_generated_files/LED_manager.c: 57: void setC5(_Bool status);mcc_generated_files/LED
      +                          _manager.c: 58: {;mcc_generated_files/LED_manager.c: 59:     if(status == 1)
  3472  02DE  0370               	decf	setC5@status,w
  3473  02DF  1D03               	btfss	3,2
  3474  02E0  2AE2               	goto	u971
  3475  02E1  2AE3               	goto	u970
  3476  02E2                     u971:
  3477  02E2  2AE6               	goto	l134
  3478  02E3                     u970:
  3479  02E3                     l131:	
  3480                           ;mcc_generated_files/LED_manager.c: 60:         do { LATCbits.LATC5 = 1; } while(0);
  3481                           
  3482  02E3  0022               	movlb	2	; select bank2
  3483  02E4  168E               	bsf	14,5	;volatile
  3484  02E5  2AE8               	goto	l136
  3485  02E6                     l134:	
  3486                           ;mcc_generated_files/LED_manager.c: 62:         do { LATCbits.LATC5 = 0; } while(0);
  3487                           
  3488  02E6  0022               	movlb	2	; select bank2
  3489  02E7  128E               	bcf	14,5	;volatile
  3490  02E8                     l136:
  3491  02E8  0008               	return
  3492  02E9                     __end_of_setC5:
  3493                           
  3494                           	psect	text5
  3495  02D3                     __ptext5:	
  3496 ;; *************** function _setD3 *****************
  3497 ;; Defined at:
  3498 ;;		line 50 in file "mcc_generated_files/LED_manager.c"
  3499 ;; Parameters:    Size  Location     Type
  3500 ;;  status          1    0[COMMON] _Bool 
  3501 ;; Auto vars:     Size  Location     Type
  3502 ;;		None
  3503 ;; Return value:  Size  Location     Type
  3504 ;;                  1    wreg      void 
  3505 ;; Registers used:
  3506 ;;		wreg, status,2, status,0
  3507 ;; Tracked objects:
  3508 ;;		On entry : 0/0
  3509 ;;		On exit  : 0/0
  3510 ;;		Unchanged: 0/0
  3511 ;; Data sizes:     COMMON   BANK0   BANK1   BANK2   BANK3   BANK4   BANK5   BANK6   BANK7   BANK8   BANK9  BANK10  BANK1
      +1  BANK12
  3512 ;;      Params:         1       0       0       0       0       0       0       0       0       0       0       0       
      +0       0
  3513 ;;      Locals:         0       0       0       0       0       0       0       0       0       0       0       0       
      +0       0
  3514 ;;      Temps:          0       0       0       0       0       0       0       0       0       0       0       0       
      +0       0
  3515 ;;      Totals:         1       0       0       0       0       0       0       0       0       0       0       0       
      +0       0
  3516 ;;Total ram usage:        1 bytes
  3517 ;; Hardware stack levels used: 1
  3518 ;; This function calls:
  3519 ;;		Nothing
  3520 ;; This function is called by:
  3521 ;;		_main
  3522 ;; This function uses a non-reentrant model
  3523 ;;
  3524                           
  3525                           
  3526                           ;psect for function _setD3
  3527  02D3                     _setD3:
  3528  02D3                     l1504:	
  3529                           ;incstack = 0
  3530                           ; Regs used in _setD3: [wreg+status,2+status,0]
  3531                           
  3532                           
  3533                           ;mcc_generated_files/LED_manager.c: 50: void setD3(_Bool status);mcc_generated_files/LED
      +                          _manager.c: 51: {;mcc_generated_files/LED_manager.c: 52:     if(status == 1)
  3534  02D3  0370               	decf	setD3@status,w
  3535  02D4  1D03               	btfss	3,2
  3536  02D5  2AD7               	goto	u961
  3537  02D6  2AD8               	goto	u960
  3538  02D7                     u961:
  3539  02D7  2ADB               	goto	l125
  3540  02D8                     u960:
  3541  02D8                     l122:	
  3542                           ;mcc_generated_files/LED_manager.c: 53:         do { LATDbits.LATD3 = 1; } while(0);
  3543                           
  3544  02D8  0022               	movlb	2	; select bank2
  3545  02D9  158F               	bsf	15,3	;volatile
  3546  02DA  2ADD               	goto	l127
  3547  02DB                     l125:	
  3548                           ;mcc_generated_files/LED_manager.c: 55:         do { LATDbits.LATD3 = 0; } while(0);
  3549                           
  3550  02DB  0022               	movlb	2	; select bank2
  3551  02DC  118F               	bcf	15,3	;volatile
  3552  02DD                     l127:
  3553  02DD  0008               	return
  3554  02DE                     __end_of_setD3:
  3555                           
  3556                           	psect	text6
  3557  02C8                     __ptext6:	
  3558 ;; *************** function _setD1 *****************
  3559 ;; Defined at:
  3560 ;;		line 43 in file "mcc_generated_files/LED_manager.c"
  3561 ;; Parameters:    Size  Location     Type
  3562 ;;  status          1    0[COMMON] _Bool 
  3563 ;; Auto vars:     Size  Location     Type
  3564 ;;		None
  3565 ;; Return value:  Size  Location     Type
  3566 ;;                  1    wreg      void 
  3567 ;; Registers used:
  3568 ;;		wreg, status,2, status,0
  3569 ;; Tracked objects:
  3570 ;;		On entry : 0/0
  3571 ;;		On exit  : 0/0
  3572 ;;		Unchanged: 0/0
  3573 ;; Data sizes:     COMMON   BANK0   BANK1   BANK2   BANK3   BANK4   BANK5   BANK6   BANK7   BANK8   BANK9  BANK10  BANK1
      +1  BANK12
  3574 ;;      Params:         1       0       0       0       0       0       0       0       0       0       0       0       
      +0       0
  3575 ;;      Locals:         0       0       0       0       0       0       0       0       0       0       0       0       
      +0       0
  3576 ;;      Temps:          0       0       0       0       0       0       0       0       0       0       0       0       
      +0       0
  3577 ;;      Totals:         1       0       0       0       0       0       0       0       0       0       0       0       
      +0       0
  3578 ;;Total ram usage:        1 bytes
  3579 ;; Hardware stack levels used: 1
  3580 ;; This function calls:
  3581 ;;		Nothing
  3582 ;; This function is called by:
  3583 ;;		_main
  3584 ;; This function uses a non-reentrant model
  3585 ;;
  3586                           
  3587                           
  3588                           ;psect for function _setD1
  3589  02C8                     _setD1:
  3590  02C8                     l1502:	
  3591                           ;incstack = 0
  3592                           ; Regs used in _setD1: [wreg+status,2+status,0]
  3593                           
  3594                           
  3595                           ;mcc_generated_files/LED_manager.c: 43: void setD1(_Bool status);mcc_generated_files/LED
      +                          _manager.c: 44: {;mcc_generated_files/LED_manager.c: 45:     if(status == 1)
  3596  02C8  0370               	decf	setD1@status,w
  3597  02C9  1D03               	btfss	3,2
  3598  02CA  2ACC               	goto	u951
  3599  02CB  2ACD               	goto	u950
  3600  02CC                     u951:
  3601  02CC  2AD0               	goto	l116
  3602  02CD                     u950:
  3603  02CD                     l113:	
  3604                           ;mcc_generated_files/LED_manager.c: 46:         do { LATDbits.LATD1 = 1; } while(0);
  3605                           
  3606  02CD  0022               	movlb	2	; select bank2
  3607  02CE  148F               	bsf	15,1	;volatile
  3608  02CF  2AD2               	goto	l118
  3609  02D0                     l116:	
  3610                           ;mcc_generated_files/LED_manager.c: 48:         do { LATDbits.LATD1 = 0; } while(0);
  3611                           
  3612  02D0  0022               	movlb	2	; select bank2
  3613  02D1  108F               	bcf	15,1	;volatile
  3614  02D2                     l118:
  3615  02D2  0008               	return
  3616  02D3                     __end_of_setD1:
  3617                           
  3618                           	psect	text7
  3619  02BD                     __ptext7:	
  3620 ;; *************** function _setC3 *****************
  3621 ;; Defined at:
  3622 ;;		line 36 in file "mcc_generated_files/LED_manager.c"
  3623 ;; Parameters:    Size  Location     Type
  3624 ;;  status          1    0[COMMON] _Bool 
  3625 ;; Auto vars:     Size  Location     Type
  3626 ;;		None
  3627 ;; Return value:  Size  Location     Type
  3628 ;;                  1    wreg      void 
  3629 ;; Registers used:
  3630 ;;		wreg, status,2, status,0
  3631 ;; Tracked objects:
  3632 ;;		On entry : 0/0
  3633 ;;		On exit  : 0/0
  3634 ;;		Unchanged: 0/0
  3635 ;; Data sizes:     COMMON   BANK0   BANK1   BANK2   BANK3   BANK4   BANK5   BANK6   BANK7   BANK8   BANK9  BANK10  BANK1
      +1  BANK12
  3636 ;;      Params:         1       0       0       0       0       0       0       0       0       0       0       0       
      +0       0
  3637 ;;      Locals:         0       0       0       0       0       0       0       0       0       0       0       0       
      +0       0
  3638 ;;      Temps:          0       0       0       0       0       0       0       0       0       0       0       0       
      +0       0
  3639 ;;      Totals:         1       0       0       0       0       0       0       0       0       0       0       0       
      +0       0
  3640 ;;Total ram usage:        1 bytes
  3641 ;; Hardware stack levels used: 1
  3642 ;; This function calls:
  3643 ;;		Nothing
  3644 ;; This function is called by:
  3645 ;;		_main
  3646 ;; This function uses a non-reentrant model
  3647 ;;
  3648                           
  3649                           
  3650                           ;psect for function _setC3
  3651  02BD                     _setC3:
  3652  02BD                     l1500:	
  3653                           ;incstack = 0
  3654                           ; Regs used in _setC3: [wreg+status,2+status,0]
  3655                           
  3656                           
  3657                           ;mcc_generated_files/LED_manager.c: 36: void setC3(_Bool status);mcc_generated_files/LED
      +                          _manager.c: 37: {;mcc_generated_files/LED_manager.c: 38:     if(status == 1)
  3658  02BD  0370               	decf	setC3@status,w
  3659  02BE  1D03               	btfss	3,2
  3660  02BF  2AC1               	goto	u941
  3661  02C0  2AC2               	goto	u940
  3662  02C1                     u941:
  3663  02C1  2AC5               	goto	l107
  3664  02C2                     u940:
  3665  02C2                     l104:	
  3666                           ;mcc_generated_files/LED_manager.c: 39:         do { LATCbits.LATC3 = 1; } while(0);
  3667                           
  3668  02C2  0022               	movlb	2	; select bank2
  3669  02C3  158E               	bsf	14,3	;volatile
  3670  02C4  2AC7               	goto	l109
  3671  02C5                     l107:	
  3672                           ;mcc_generated_files/LED_manager.c: 41:         do { LATCbits.LATC3 = 0; } while(0);
  3673                           
  3674  02C5  0022               	movlb	2	; select bank2
  3675  02C6  118E               	bcf	14,3	;volatile
  3676  02C7                     l109:
  3677  02C7  0008               	return
  3678  02C8                     __end_of_setC3:
  3679                           
  3680                           	psect	text8
  3681  02B2                     __ptext8:	
  3682 ;; *************** function _setA6 *****************
  3683 ;; Defined at:
  3684 ;;		line 29 in file "mcc_generated_files/LED_manager.c"
  3685 ;; Parameters:    Size  Location     Type
  3686 ;;  status          1    0[COMMON] _Bool 
  3687 ;; Auto vars:     Size  Location     Type
  3688 ;;		None
  3689 ;; Return value:  Size  Location     Type
  3690 ;;                  1    wreg      void 
  3691 ;; Registers used:
  3692 ;;		wreg, status,2, status,0
  3693 ;; Tracked objects:
  3694 ;;		On entry : 0/0
  3695 ;;		On exit  : 0/0
  3696 ;;		Unchanged: 0/0
  3697 ;; Data sizes:     COMMON   BANK0   BANK1   BANK2   BANK3   BANK4   BANK5   BANK6   BANK7   BANK8   BANK9  BANK10  BANK1
      +1  BANK12
  3698 ;;      Params:         1       0       0       0       0       0       0       0       0       0       0       0       
      +0       0
  3699 ;;      Locals:         0       0       0       0       0       0       0       0       0       0       0       0       
      +0       0
  3700 ;;      Temps:          0       0       0       0       0       0       0       0       0       0       0       0       
      +0       0
  3701 ;;      Totals:         1       0       0       0       0       0       0       0       0       0       0       0       
      +0       0
  3702 ;;Total ram usage:        1 bytes
  3703 ;; Hardware stack levels used: 1
  3704 ;; This function calls:
  3705 ;;		Nothing
  3706 ;; This function is called by:
  3707 ;;		_main
  3708 ;; This function uses a non-reentrant model
  3709 ;;
  3710                           
  3711                           
  3712                           ;psect for function _setA6
  3713  02B2                     _setA6:
  3714  02B2                     l1498:	
  3715                           ;incstack = 0
  3716                           ; Regs used in _setA6: [wreg+status,2+status,0]
  3717                           
  3718                           
  3719                           ;mcc_generated_files/LED_manager.c: 29: void setA6(_Bool status);mcc_generated_files/LED
      +                          _manager.c: 30: {;mcc_generated_files/LED_manager.c: 31:     if(status == 1)
  3720  02B2  0370               	decf	setA6@status,w
  3721  02B3  1D03               	btfss	3,2
  3722  02B4  2AB6               	goto	u931
  3723  02B5  2AB7               	goto	u930
  3724  02B6                     u931:
  3725  02B6  2ABA               	goto	l98
  3726  02B7                     u930:
  3727  02B7                     l95:	
  3728                           ;mcc_generated_files/LED_manager.c: 32:         do { LATAbits.LATA6 = 1; } while(0);
  3729                           
  3730  02B7  0022               	movlb	2	; select bank2
  3731  02B8  170C               	bsf	12,6	;volatile
  3732  02B9  2ABC               	goto	l100
  3733  02BA                     l98:	
  3734                           ;mcc_generated_files/LED_manager.c: 34:         do { LATAbits.LATA6 = 0; } while(0);
  3735                           
  3736  02BA  0022               	movlb	2	; select bank2
  3737  02BB  130C               	bcf	12,6	;volatile
  3738  02BC                     l100:
  3739  02BC  0008               	return
  3740  02BD                     __end_of_setA6:
  3741                           
  3742                           	psect	text9
  3743  02A7                     __ptext9:	
  3744 ;; *************** function _setA0 *****************
  3745 ;; Defined at:
  3746 ;;		line 15 in file "mcc_generated_files/LED_manager.c"
  3747 ;; Parameters:    Size  Location     Type
  3748 ;;  status          1    0[COMMON] _Bool 
  3749 ;; Auto vars:     Size  Location     Type
  3750 ;;		None
  3751 ;; Return value:  Size  Location     Type
  3752 ;;                  1    wreg      void 
  3753 ;; Registers used:
  3754 ;;		wreg, status,2, status,0
  3755 ;; Tracked objects:
  3756 ;;		On entry : 0/0
  3757 ;;		On exit  : 0/0
  3758 ;;		Unchanged: 0/0
  3759 ;; Data sizes:     COMMON   BANK0   BANK1   BANK2   BANK3   BANK4   BANK5   BANK6   BANK7   BANK8   BANK9  BANK10  BANK1
      +1  BANK12
  3760 ;;      Params:         1       0       0       0       0       0       0       0       0       0       0       0       
      +0       0
  3761 ;;      Locals:         0       0       0       0       0       0       0       0       0       0       0       0       
      +0       0
  3762 ;;      Temps:          0       0       0       0       0       0       0       0       0       0       0       0       
      +0       0
  3763 ;;      Totals:         1       0       0       0       0       0       0       0       0       0       0       0       
      +0       0
  3764 ;;Total ram usage:        1 bytes
  3765 ;; Hardware stack levels used: 1
  3766 ;; This function calls:
  3767 ;;		Nothing
  3768 ;; This function is called by:
  3769 ;;		_main
  3770 ;; This function uses a non-reentrant model
  3771 ;;
  3772                           
  3773                           
  3774                           ;psect for function _setA0
  3775  02A7                     _setA0:
  3776  02A7                     l1494:	
  3777                           ;incstack = 0
  3778                           ; Regs used in _setA0: [wreg+status,2+status,0]
  3779                           
  3780                           
  3781                           ;mcc_generated_files/LED_manager.c: 15: void setA0(_Bool status);mcc_generated_files/LED
      +                          _manager.c: 16: {;mcc_generated_files/LED_manager.c: 17:     if(status == 1)
  3782  02A7  0370               	decf	setA0@status,w
  3783  02A8  1D03               	btfss	3,2
  3784  02A9  2AAB               	goto	u911
  3785  02AA  2AAC               	goto	u910
  3786  02AB                     u911:
  3787  02AB  2AAF               	goto	l80
  3788  02AC                     u910:
  3789  02AC                     l77:	
  3790                           ;mcc_generated_files/LED_manager.c: 18:         do { LATAbits.LATA0 = 1; } while(0);
  3791                           
  3792  02AC  0022               	movlb	2	; select bank2
  3793  02AD  140C               	bsf	12,0	;volatile
  3794  02AE  2AB1               	goto	l82
  3795  02AF                     l80:	
  3796                           ;mcc_generated_files/LED_manager.c: 20:         do { LATAbits.LATA0 = 0; } while(0);
  3797                           
  3798  02AF  0022               	movlb	2	; select bank2
  3799  02B0  100C               	bcf	12,0	;volatile
  3800  02B1                     l82:
  3801  02B1  0008               	return
  3802  02B2                     __end_of_setA0:
  3803                           
  3804                           	psect	text10
  3805  029C                     __ptext10:	
  3806 ;; *************** function _setE1 *****************
  3807 ;; Defined at:
  3808 ;;		line 22 in file "mcc_generated_files/LED_manager.c"
  3809 ;; Parameters:    Size  Location     Type
  3810 ;;  status          1    0[COMMON] _Bool 
  3811 ;; Auto vars:     Size  Location     Type
  3812 ;;		None
  3813 ;; Return value:  Size  Location     Type
  3814 ;;                  1    wreg      void 
  3815 ;; Registers used:
  3816 ;;		wreg, status,2, status,0
  3817 ;; Tracked objects:
  3818 ;;		On entry : 0/0
  3819 ;;		On exit  : 0/0
  3820 ;;		Unchanged: 0/0
  3821 ;; Data sizes:     COMMON   BANK0   BANK1   BANK2   BANK3   BANK4   BANK5   BANK6   BANK7   BANK8   BANK9  BANK10  BANK1
      +1  BANK12
  3822 ;;      Params:         1       0       0       0       0       0       0       0       0       0       0       0       
      +0       0
  3823 ;;      Locals:         0       0       0       0       0       0       0       0       0       0       0       0       
      +0       0
  3824 ;;      Temps:          0       0       0       0       0       0       0       0       0       0       0       0       
      +0       0
  3825 ;;      Totals:         1       0       0       0       0       0       0       0       0       0       0       0       
      +0       0
  3826 ;;Total ram usage:        1 bytes
  3827 ;; Hardware stack levels used: 1
  3828 ;; This function calls:
  3829 ;;		Nothing
  3830 ;; This function is called by:
  3831 ;;		_main
  3832 ;; This function uses a non-reentrant model
  3833 ;;
  3834                           
  3835                           
  3836                           ;psect for function _setE1
  3837  029C                     _setE1:
  3838  029C                     l1496:	
  3839                           ;incstack = 0
  3840                           ; Regs used in _setE1: [wreg+status,2+status,0]
  3841                           
  3842                           
  3843                           ;mcc_generated_files/LED_manager.c: 22: void setE1(_Bool status);mcc_generated_files/LED
      +                          _manager.c: 23: {;mcc_generated_files/LED_manager.c: 24:     if(status == 1)
  3844  029C  0370               	decf	setE1@status,w
  3845  029D  1D03               	btfss	3,2
  3846  029E  2AA0               	goto	u921
  3847  029F  2AA1               	goto	u920
  3848  02A0                     u921:
  3849  02A0  2AA4               	goto	l89
  3850  02A1                     u920:
  3851  02A1                     l86:	
  3852                           ;mcc_generated_files/LED_manager.c: 25:         do { LATEbits.LATE1 = 1; } while(0);
  3853                           
  3854  02A1  0022               	movlb	2	; select bank2
  3855  02A2  1490               	bsf	16,1	;volatile
  3856  02A3  2AA6               	goto	l91
  3857  02A4                     l89:	
  3858                           ;mcc_generated_files/LED_manager.c: 27:         do { LATEbits.LATE1 = 0; } while(0);
  3859                           
  3860  02A4  0022               	movlb	2	; select bank2
  3861  02A5  1090               	bcf	16,1	;volatile
  3862  02A6                     l91:
  3863  02A6  0008               	return
  3864  02A7                     __end_of_setE1:
  3865                           
  3866                           	psect	text11
  3867  0291                     __ptext11:	
  3868 ;; *************** function _setD4 *****************
  3869 ;; Defined at:
  3870 ;;		line 144 in file "mcc_generated_files/LED_manager.c"
  3871 ;; Parameters:    Size  Location     Type
  3872 ;;  status          1    0[COMMON] _Bool 
  3873 ;; Auto vars:     Size  Location     Type
  3874 ;;		None
  3875 ;; Return value:  Size  Location     Type
  3876 ;;                  1    wreg      void 
  3877 ;; Registers used:
  3878 ;;		wreg, status,2, status,0
  3879 ;; Tracked objects:
  3880 ;;		On entry : 0/0
  3881 ;;		On exit  : 0/0
  3882 ;;		Unchanged: 0/0
  3883 ;; Data sizes:     COMMON   BANK0   BANK1   BANK2   BANK3   BANK4   BANK5   BANK6   BANK7   BANK8   BANK9  BANK10  BANK1
      +1  BANK12
  3884 ;;      Params:         1       0       0       0       0       0       0       0       0       0       0       0       
      +0       0
  3885 ;;      Locals:         0       0       0       0       0       0       0       0       0       0       0       0       
      +0       0
  3886 ;;      Temps:          0       0       0       0       0       0       0       0       0       0       0       0       
      +0       0
  3887 ;;      Totals:         1       0       0       0       0       0       0       0       0       0       0       0       
      +0       0
  3888 ;;Total ram usage:        1 bytes
  3889 ;; Hardware stack levels used: 1
  3890 ;; This function calls:
  3891 ;;		Nothing
  3892 ;; This function is called by:
  3893 ;;		_main
  3894 ;; This function uses a non-reentrant model
  3895 ;;
  3896                           
  3897                           
  3898                           ;psect for function _setD4
  3899  0291                     _setD4:
  3900  0291                     l1530:	
  3901                           ;incstack = 0
  3902                           ; Regs used in _setD4: [wreg+status,2+status,0]
  3903                           
  3904                           
  3905                           ;mcc_generated_files/LED_manager.c: 144: void setD4(_Bool status);mcc_generated_files/LE
      +                          D_manager.c: 145: {;mcc_generated_files/LED_manager.c: 146:     if(status == 1)
  3906  0291  0370               	decf	setD4@status,w
  3907  0292  1D03               	btfss	3,2
  3908  0293  2A95               	goto	u1091
  3909  0294  2A96               	goto	u1090
  3910  0295                     u1091:
  3911  0295  2A99               	goto	l242
  3912  0296                     u1090:
  3913  0296                     l239:	
  3914                           ;mcc_generated_files/LED_manager.c: 147:         do { LATDbits.LATD4 = 1; } while(0);
  3915                           
  3916  0296  0022               	movlb	2	; select bank2
  3917  0297  160F               	bsf	15,4	;volatile
  3918  0298  2A9B               	goto	l244
  3919  0299                     l242:	
  3920                           ;mcc_generated_files/LED_manager.c: 149:         do { LATDbits.LATD4 = 0; } while(0);
  3921                           
  3922  0299  0022               	movlb	2	; select bank2
  3923  029A  120F               	bcf	15,4	;volatile
  3924  029B                     l244:
  3925  029B  0008               	return
  3926  029C                     __end_of_setD4:
  3927                           
  3928                           	psect	text12
  3929  0286                     __ptext12:	
  3930 ;; *************** function _setC6 *****************
  3931 ;; Defined at:
  3932 ;;		line 137 in file "mcc_generated_files/LED_manager.c"
  3933 ;; Parameters:    Size  Location     Type
  3934 ;;  status          1    0[COMMON] _Bool 
  3935 ;; Auto vars:     Size  Location     Type
  3936 ;;		None
  3937 ;; Return value:  Size  Location     Type
  3938 ;;                  1    wreg      void 
  3939 ;; Registers used:
  3940 ;;		wreg, status,2, status,0
  3941 ;; Tracked objects:
  3942 ;;		On entry : 0/0
  3943 ;;		On exit  : 0/0
  3944 ;;		Unchanged: 0/0
  3945 ;; Data sizes:     COMMON   BANK0   BANK1   BANK2   BANK3   BANK4   BANK5   BANK6   BANK7   BANK8   BANK9  BANK10  BANK1
      +1  BANK12
  3946 ;;      Params:         1       0       0       0       0       0       0       0       0       0       0       0       
      +0       0
  3947 ;;      Locals:         0       0       0       0       0       0       0       0       0       0       0       0       
      +0       0
  3948 ;;      Temps:          0       0       0       0       0       0       0       0       0       0       0       0       
      +0       0
  3949 ;;      Totals:         1       0       0       0       0       0       0       0       0       0       0       0       
      +0       0
  3950 ;;Total ram usage:        1 bytes
  3951 ;; Hardware stack levels used: 1
  3952 ;; This function calls:
  3953 ;;		Nothing
  3954 ;; This function is called by:
  3955 ;;		_main
  3956 ;; This function uses a non-reentrant model
  3957 ;;
  3958                           
  3959                           
  3960                           ;psect for function _setC6
  3961  0286                     _setC6:
  3962  0286                     l1528:	
  3963                           ;incstack = 0
  3964                           ; Regs used in _setC6: [wreg+status,2+status,0]
  3965                           
  3966                           
  3967                           ;mcc_generated_files/LED_manager.c: 137: void setC6(_Bool status);mcc_generated_files/LE
      +                          D_manager.c: 138: {;mcc_generated_files/LED_manager.c: 139:     if(status == 1)
  3968  0286  0370               	decf	setC6@status,w
  3969  0287  1D03               	btfss	3,2
  3970  0288  2A8A               	goto	u1081
  3971  0289  2A8B               	goto	u1080
  3972  028A                     u1081:
  3973  028A  2A8E               	goto	l233
  3974  028B                     u1080:
  3975  028B                     l230:	
  3976                           ;mcc_generated_files/LED_manager.c: 140:         do { LATCbits.LATC6 = 1; } while(0);
  3977                           
  3978  028B  0022               	movlb	2	; select bank2
  3979  028C  170E               	bsf	14,6	;volatile
  3980  028D  2A90               	goto	l235
  3981  028E                     l233:	
  3982                           ;mcc_generated_files/LED_manager.c: 142:         do { LATCbits.LATC6 = 0; } while(0);
  3983                           
  3984  028E  0022               	movlb	2	; select bank2
  3985  028F  130E               	bcf	14,6	;volatile
  3986  0290                     l235:
  3987  0290  0008               	return
  3988  0291                     __end_of_setC6:
  3989                           
  3990                           	psect	text13
  3991  027B                     __ptext13:	
  3992 ;; *************** function _setC4 *****************
  3993 ;; Defined at:
  3994 ;;		line 130 in file "mcc_generated_files/LED_manager.c"
  3995 ;; Parameters:    Size  Location     Type
  3996 ;;  status          1    0[COMMON] _Bool 
  3997 ;; Auto vars:     Size  Location     Type
  3998 ;;		None
  3999 ;; Return value:  Size  Location     Type
  4000 ;;                  1    wreg      void 
  4001 ;; Registers used:
  4002 ;;		wreg, status,2, status,0
  4003 ;; Tracked objects:
  4004 ;;		On entry : 0/0
  4005 ;;		On exit  : 0/0
  4006 ;;		Unchanged: 0/0
  4007 ;; Data sizes:     COMMON   BANK0   BANK1   BANK2   BANK3   BANK4   BANK5   BANK6   BANK7   BANK8   BANK9  BANK10  BANK1
      +1  BANK12
  4008 ;;      Params:         1       0       0       0       0       0       0       0       0       0       0       0       
      +0       0
  4009 ;;      Locals:         0       0       0       0       0       0       0       0       0       0       0       0       
      +0       0
  4010 ;;      Temps:          0       0       0       0       0       0       0       0       0       0       0       0       
      +0       0
  4011 ;;      Totals:         1       0       0       0       0       0       0       0       0       0       0       0       
      +0       0
  4012 ;;Total ram usage:        1 bytes
  4013 ;; Hardware stack levels used: 1
  4014 ;; This function calls:
  4015 ;;		Nothing
  4016 ;; This function is called by:
  4017 ;;		_main
  4018 ;; This function uses a non-reentrant model
  4019 ;;
  4020                           
  4021                           
  4022                           ;psect for function _setC4
  4023  027B                     _setC4:
  4024  027B                     l1526:	
  4025                           ;incstack = 0
  4026                           ; Regs used in _setC4: [wreg+status,2+status,0]
  4027                           
  4028                           
  4029                           ;mcc_generated_files/LED_manager.c: 130: void setC4(_Bool status);mcc_generated_files/LE
      +                          D_manager.c: 131: {;mcc_generated_files/LED_manager.c: 132:     if(status == 1)
  4030  027B  0370               	decf	setC4@status,w
  4031  027C  1D03               	btfss	3,2
  4032  027D  2A7F               	goto	u1071
  4033  027E  2A80               	goto	u1070
  4034  027F                     u1071:
  4035  027F  2A83               	goto	l224
  4036  0280                     u1070:
  4037  0280                     l221:	
  4038                           ;mcc_generated_files/LED_manager.c: 133:         do { LATCbits.LATC4 = 1; } while(0);
  4039                           
  4040  0280  0022               	movlb	2	; select bank2
  4041  0281  160E               	bsf	14,4	;volatile
  4042  0282  2A85               	goto	l226
  4043  0283                     l224:	
  4044                           ;mcc_generated_files/LED_manager.c: 135:         do { LATCbits.LATC4 = 0; } while(0);
  4045                           
  4046  0283  0022               	movlb	2	; select bank2
  4047  0284  120E               	bcf	14,4	;volatile
  4048  0285                     l226:
  4049  0285  0008               	return
  4050  0286                     __end_of_setC4:
  4051                           
  4052                           	psect	text14
  4053  0270                     __ptext14:	
  4054 ;; *************** function _setD2 *****************
  4055 ;; Defined at:
  4056 ;;		line 123 in file "mcc_generated_files/LED_manager.c"
  4057 ;; Parameters:    Size  Location     Type
  4058 ;;  status          1    0[COMMON] _Bool 
  4059 ;; Auto vars:     Size  Location     Type
  4060 ;;		None
  4061 ;; Return value:  Size  Location     Type
  4062 ;;                  1    wreg      void 
  4063 ;; Registers used:
  4064 ;;		wreg, status,2, status,0
  4065 ;; Tracked objects:
  4066 ;;		On entry : 0/0
  4067 ;;		On exit  : 0/0
  4068 ;;		Unchanged: 0/0
  4069 ;; Data sizes:     COMMON   BANK0   BANK1   BANK2   BANK3   BANK4   BANK5   BANK6   BANK7   BANK8   BANK9  BANK10  BANK1
      +1  BANK12
  4070 ;;      Params:         1       0       0       0       0       0       0       0       0       0       0       0       
      +0       0
  4071 ;;      Locals:         0       0       0       0       0       0       0       0       0       0       0       0       
      +0       0
  4072 ;;      Temps:          0       0       0       0       0       0       0       0       0       0       0       0       
      +0       0
  4073 ;;      Totals:         1       0       0       0       0       0       0       0       0       0       0       0       
      +0       0
  4074 ;;Total ram usage:        1 bytes
  4075 ;; Hardware stack levels used: 1
  4076 ;; This function calls:
  4077 ;;		Nothing
  4078 ;; This function is called by:
  4079 ;;		_main
  4080 ;; This function uses a non-reentrant model
  4081 ;;
  4082                           
  4083                           
  4084                           ;psect for function _setD2
  4085  0270                     _setD2:
  4086  0270                     l1524:	
  4087                           ;incstack = 0
  4088                           ; Regs used in _setD2: [wreg+status,2+status,0]
  4089                           
  4090                           
  4091                           ;mcc_generated_files/LED_manager.c: 123: void setD2(_Bool status);mcc_generated_files/LE
      +                          D_manager.c: 124: {;mcc_generated_files/LED_manager.c: 125:     if(status == 1)
  4092  0270  0370               	decf	setD2@status,w
  4093  0271  1D03               	btfss	3,2
  4094  0272  2A74               	goto	u1061
  4095  0273  2A75               	goto	u1060
  4096  0274                     u1061:
  4097  0274  2A78               	goto	l215
  4098  0275                     u1060:
  4099  0275                     l212:	
  4100                           ;mcc_generated_files/LED_manager.c: 126:         do { LATDbits.LATD2 = 1; } while(0);
  4101                           
  4102  0275  0022               	movlb	2	; select bank2
  4103  0276  150F               	bsf	15,2	;volatile
  4104  0277  2A7A               	goto	l217
  4105  0278                     l215:	
  4106                           ;mcc_generated_files/LED_manager.c: 128:         do { LATDbits.LATD2 = 0; } while(0);
  4107                           
  4108  0278  0022               	movlb	2	; select bank2
  4109  0279  110F               	bcf	15,2	;volatile
  4110  027A                     l217:
  4111  027A  0008               	return
  4112  027B                     __end_of_setD2:
  4113                           
  4114                           	psect	text15
  4115  0265                     __ptext15:	
  4116 ;; *************** function _setD0 *****************
  4117 ;; Defined at:
  4118 ;;		line 116 in file "mcc_generated_files/LED_manager.c"
  4119 ;; Parameters:    Size  Location     Type
  4120 ;;  status          1    0[COMMON] _Bool 
  4121 ;; Auto vars:     Size  Location     Type
  4122 ;;		None
  4123 ;; Return value:  Size  Location     Type
  4124 ;;                  1    wreg      void 
  4125 ;; Registers used:
  4126 ;;		wreg, status,2, status,0
  4127 ;; Tracked objects:
  4128 ;;		On entry : 0/0
  4129 ;;		On exit  : 0/0
  4130 ;;		Unchanged: 0/0
  4131 ;; Data sizes:     COMMON   BANK0   BANK1   BANK2   BANK3   BANK4   BANK5   BANK6   BANK7   BANK8   BANK9  BANK10  BANK1
      +1  BANK12
  4132 ;;      Params:         1       0       0       0       0       0       0       0       0       0       0       0       
      +0       0
  4133 ;;      Locals:         0       0       0       0       0       0       0       0       0       0       0       0       
      +0       0
  4134 ;;      Temps:          0       0       0       0       0       0       0       0       0       0       0       0       
      +0       0
  4135 ;;      Totals:         1       0       0       0       0       0       0       0       0       0       0       0       
      +0       0
  4136 ;;Total ram usage:        1 bytes
  4137 ;; Hardware stack levels used: 1
  4138 ;; This function calls:
  4139 ;;		Nothing
  4140 ;; This function is called by:
  4141 ;;		_main
  4142 ;; This function uses a non-reentrant model
  4143 ;;
  4144                           
  4145                           
  4146                           ;psect for function _setD0
  4147  0265                     _setD0:
  4148  0265                     l1522:	
  4149                           ;incstack = 0
  4150                           ; Regs used in _setD0: [wreg+status,2+status,0]
  4151                           
  4152                           
  4153                           ;mcc_generated_files/LED_manager.c: 116: void setD0(_Bool status);mcc_generated_files/LE
      +                          D_manager.c: 117: {;mcc_generated_files/LED_manager.c: 118:     if(status == 1)
  4154  0265  0370               	decf	setD0@status,w
  4155  0266  1D03               	btfss	3,2
  4156  0267  2A69               	goto	u1051
  4157  0268  2A6A               	goto	u1050
  4158  0269                     u1051:
  4159  0269  2A6D               	goto	l206
  4160  026A                     u1050:
  4161  026A                     l203:	
  4162                           ;mcc_generated_files/LED_manager.c: 119:         do { LATDbits.LATD0 = 1; } while(0);
  4163                           
  4164  026A  0022               	movlb	2	; select bank2
  4165  026B  140F               	bsf	15,0	;volatile
  4166  026C  2A6F               	goto	l208
  4167  026D                     l206:	
  4168                           ;mcc_generated_files/LED_manager.c: 121:         do { LATDbits.LATD0 = 0; } while(0);
  4169                           
  4170  026D  0022               	movlb	2	; select bank2
  4171  026E  100F               	bcf	15,0	;volatile
  4172  026F                     l208:
  4173  026F  0008               	return
  4174  0270                     __end_of_setD0:
  4175                           
  4176                           	psect	text16
  4177  025A                     __ptext16:	
  4178 ;; *************** function _setC0 *****************
  4179 ;; Defined at:
  4180 ;;		line 109 in file "mcc_generated_files/LED_manager.c"
  4181 ;; Parameters:    Size  Location     Type
  4182 ;;  status          1    0[COMMON] _Bool 
  4183 ;; Auto vars:     Size  Location     Type
  4184 ;;		None
  4185 ;; Return value:  Size  Location     Type
  4186 ;;                  1    wreg      void 
  4187 ;; Registers used:
  4188 ;;		wreg, status,2, status,0
  4189 ;; Tracked objects:
  4190 ;;		On entry : 0/0
  4191 ;;		On exit  : 0/0
  4192 ;;		Unchanged: 0/0
  4193 ;; Data sizes:     COMMON   BANK0   BANK1   BANK2   BANK3   BANK4   BANK5   BANK6   BANK7   BANK8   BANK9  BANK10  BANK1
      +1  BANK12
  4194 ;;      Params:         1       0       0       0       0       0       0       0       0       0       0       0       
      +0       0
  4195 ;;      Locals:         0       0       0       0       0       0       0       0       0       0       0       0       
      +0       0
  4196 ;;      Temps:          0       0       0       0       0       0       0       0       0       0       0       0       
      +0       0
  4197 ;;      Totals:         1       0       0       0       0       0       0       0       0       0       0       0       
      +0       0
  4198 ;;Total ram usage:        1 bytes
  4199 ;; Hardware stack levels used: 1
  4200 ;; This function calls:
  4201 ;;		Nothing
  4202 ;; This function is called by:
  4203 ;;		_main
  4204 ;; This function uses a non-reentrant model
  4205 ;;
  4206                           
  4207                           
  4208                           ;psect for function _setC0
  4209  025A                     _setC0:
  4210  025A                     l1520:	
  4211                           ;incstack = 0
  4212                           ; Regs used in _setC0: [wreg+status,2+status,0]
  4213                           
  4214                           
  4215                           ;mcc_generated_files/LED_manager.c: 109: void setC0(_Bool status);mcc_generated_files/LE
      +                          D_manager.c: 110: {;mcc_generated_files/LED_manager.c: 111:     if(status == 1)
  4216  025A  0370               	decf	setC0@status,w
  4217  025B  1D03               	btfss	3,2
  4218  025C  2A5E               	goto	u1041
  4219  025D  2A5F               	goto	u1040
  4220  025E                     u1041:
  4221  025E  2A62               	goto	l197
  4222  025F                     u1040:
  4223  025F                     l194:	
  4224                           ;mcc_generated_files/LED_manager.c: 112:         do { LATCbits.LATC0 = 1; } while(0);
  4225                           
  4226  025F  0022               	movlb	2	; select bank2
  4227  0260  140E               	bsf	14,0	;volatile
  4228  0261  2A64               	goto	l199
  4229  0262                     l197:	
  4230                           ;mcc_generated_files/LED_manager.c: 114:         do { LATCbits.LATC0 = 0; } while(0);
  4231                           
  4232  0262  0022               	movlb	2	; select bank2
  4233  0263  100E               	bcf	14,0	;volatile
  4234  0264                     l199:
  4235  0264  0008               	return
  4236  0265                     __end_of_setC0:
  4237                           
  4238                           	psect	text17
  4239  024F                     __ptext17:	
  4240 ;; *************** function _setA7 *****************
  4241 ;; Defined at:
  4242 ;;		line 102 in file "mcc_generated_files/LED_manager.c"
  4243 ;; Parameters:    Size  Location     Type
  4244 ;;  status          1    0[COMMON] _Bool 
  4245 ;; Auto vars:     Size  Location     Type
  4246 ;;		None
  4247 ;; Return value:  Size  Location     Type
  4248 ;;                  1    wreg      void 
  4249 ;; Registers used:
  4250 ;;		wreg, status,2, status,0
  4251 ;; Tracked objects:
  4252 ;;		On entry : 0/0
  4253 ;;		On exit  : 0/0
  4254 ;;		Unchanged: 0/0
  4255 ;; Data sizes:     COMMON   BANK0   BANK1   BANK2   BANK3   BANK4   BANK5   BANK6   BANK7   BANK8   BANK9  BANK10  BANK1
      +1  BANK12
  4256 ;;      Params:         1       0       0       0       0       0       0       0       0       0       0       0       
      +0       0
  4257 ;;      Locals:         0       0       0       0       0       0       0       0       0       0       0       0       
      +0       0
  4258 ;;      Temps:          0       0       0       0       0       0       0       0       0       0       0       0       
      +0       0
  4259 ;;      Totals:         1       0       0       0       0       0       0       0       0       0       0       0       
      +0       0
  4260 ;;Total ram usage:        1 bytes
  4261 ;; Hardware stack levels used: 1
  4262 ;; This function calls:
  4263 ;;		Nothing
  4264 ;; This function is called by:
  4265 ;;		_main
  4266 ;; This function uses a non-reentrant model
  4267 ;;
  4268                           
  4269                           
  4270                           ;psect for function _setA7
  4271  024F                     _setA7:
  4272  024F                     l1518:	
  4273                           ;incstack = 0
  4274                           ; Regs used in _setA7: [wreg+status,2+status,0]
  4275                           
  4276                           
  4277                           ;mcc_generated_files/LED_manager.c: 102: void setA7(_Bool status);mcc_generated_files/LE
      +                          D_manager.c: 103: {;mcc_generated_files/LED_manager.c: 104:     if(status == 1)
  4278  024F  0370               	decf	setA7@status,w
  4279  0250  1D03               	btfss	3,2
  4280  0251  2A53               	goto	u1031
  4281  0252  2A54               	goto	u1030
  4282  0253                     u1031:
  4283  0253  2A57               	goto	l188
  4284  0254                     u1030:
  4285  0254                     l185:	
  4286                           ;mcc_generated_files/LED_manager.c: 105:         do { LATAbits.LATA7 = 1; } while(0);
  4287                           
  4288  0254  0022               	movlb	2	; select bank2
  4289  0255  178C               	bsf	12,7	;volatile
  4290  0256  2A59               	goto	l190
  4291  0257                     l188:	
  4292                           ;mcc_generated_files/LED_manager.c: 107:         do { LATAbits.LATA7 = 0; } while(0);
  4293                           
  4294  0257  0022               	movlb	2	; select bank2
  4295  0258  138C               	bcf	12,7	;volatile
  4296  0259                     l190:
  4297  0259  0008               	return
  4298  025A                     __end_of_setA7:
  4299                           
  4300                           	psect	text18
  4301  0244                     __ptext18:	
  4302 ;; *************** function _setA3 *****************
  4303 ;; Defined at:
  4304 ;;		line 95 in file "mcc_generated_files/LED_manager.c"
  4305 ;; Parameters:    Size  Location     Type
  4306 ;;  status          1    0[COMMON] _Bool 
  4307 ;; Auto vars:     Size  Location     Type
  4308 ;;		None
  4309 ;; Return value:  Size  Location     Type
  4310 ;;                  1    wreg      void 
  4311 ;; Registers used:
  4312 ;;		wreg, status,2, status,0
  4313 ;; Tracked objects:
  4314 ;;		On entry : 0/0
  4315 ;;		On exit  : 0/0
  4316 ;;		Unchanged: 0/0
  4317 ;; Data sizes:     COMMON   BANK0   BANK1   BANK2   BANK3   BANK4   BANK5   BANK6   BANK7   BANK8   BANK9  BANK10  BANK1
      +1  BANK12
  4318 ;;      Params:         1       0       0       0       0       0       0       0       0       0       0       0       
      +0       0
  4319 ;;      Locals:         0       0       0       0       0       0       0       0       0       0       0       0       
      +0       0
  4320 ;;      Temps:          0       0       0       0       0       0       0       0       0       0       0       0       
      +0       0
  4321 ;;      Totals:         1       0       0       0       0       0       0       0       0       0       0       0       
      +0       0
  4322 ;;Total ram usage:        1 bytes
  4323 ;; Hardware stack levels used: 1
  4324 ;; This function calls:
  4325 ;;		Nothing
  4326 ;; This function is called by:
  4327 ;;		_main
  4328 ;; This function uses a non-reentrant model
  4329 ;;
  4330                           
  4331                           
  4332                           ;psect for function _setA3
  4333  0244                     _setA3:
  4334  0244                     l1516:	
  4335                           ;incstack = 0
  4336                           ; Regs used in _setA3: [wreg+status,2+status,0]
  4337                           
  4338                           
  4339                           ;mcc_generated_files/LED_manager.c: 95: void setA3(_Bool status);mcc_generated_files/LED
      +                          _manager.c: 96: {;mcc_generated_files/LED_manager.c: 97:     if(status == 1)
  4340  0244  0370               	decf	setA3@status,w
  4341  0245  1D03               	btfss	3,2
  4342  0246  2A48               	goto	u1021
  4343  0247  2A49               	goto	u1020
  4344  0248                     u1021:
  4345  0248  2A4C               	goto	l179
  4346  0249                     u1020:
  4347  0249                     l176:	
  4348                           ;mcc_generated_files/LED_manager.c: 98:         do { LATAbits.LATA3 = 1; } while(0);
  4349                           
  4350  0249  0022               	movlb	2	; select bank2
  4351  024A  158C               	bsf	12,3	;volatile
  4352  024B  2A4E               	goto	l181
  4353  024C                     l179:	
  4354                           ;mcc_generated_files/LED_manager.c: 100:         do { LATAbits.LATA3 = 0; } while(0);
  4355                           
  4356  024C  0022               	movlb	2	; select bank2
  4357  024D  118C               	bcf	12,3	;volatile
  4358  024E                     l181:
  4359  024E  0008               	return
  4360  024F                     __end_of_setA3:
  4361                           
  4362                           	psect	text19
  4363  0239                     __ptext19:	
  4364 ;; *************** function _setA2 *****************
  4365 ;; Defined at:
  4366 ;;		line 88 in file "mcc_generated_files/LED_manager.c"
  4367 ;; Parameters:    Size  Location     Type
  4368 ;;  status          1    0[COMMON] _Bool 
  4369 ;; Auto vars:     Size  Location     Type
  4370 ;;		None
  4371 ;; Return value:  Size  Location     Type
  4372 ;;                  1    wreg      void 
  4373 ;; Registers used:
  4374 ;;		wreg, status,2, status,0
  4375 ;; Tracked objects:
  4376 ;;		On entry : 0/0
  4377 ;;		On exit  : 0/0
  4378 ;;		Unchanged: 0/0
  4379 ;; Data sizes:     COMMON   BANK0   BANK1   BANK2   BANK3   BANK4   BANK5   BANK6   BANK7   BANK8   BANK9  BANK10  BANK1
      +1  BANK12
  4380 ;;      Params:         1       0       0       0       0       0       0       0       0       0       0       0       
      +0       0
  4381 ;;      Locals:         0       0       0       0       0       0       0       0       0       0       0       0       
      +0       0
  4382 ;;      Temps:          0       0       0       0       0       0       0       0       0       0       0       0       
      +0       0
  4383 ;;      Totals:         1       0       0       0       0       0       0       0       0       0       0       0       
      +0       0
  4384 ;;Total ram usage:        1 bytes
  4385 ;; Hardware stack levels used: 1
  4386 ;; This function calls:
  4387 ;;		Nothing
  4388 ;; This function is called by:
  4389 ;;		_main
  4390 ;; This function uses a non-reentrant model
  4391 ;;
  4392                           
  4393                           
  4394                           ;psect for function _setA2
  4395  0239                     _setA2:
  4396  0239                     l1514:	
  4397                           ;incstack = 0
  4398                           ; Regs used in _setA2: [wreg+status,2+status,0]
  4399                           
  4400                           
  4401                           ;mcc_generated_files/LED_manager.c: 88: void setA2(_Bool status);mcc_generated_files/LED
      +                          _manager.c: 89: {;mcc_generated_files/LED_manager.c: 90:     if(status == 1)
  4402  0239  0370               	decf	setA2@status,w
  4403  023A  1D03               	btfss	3,2
  4404  023B  2A3D               	goto	u1011
  4405  023C  2A3E               	goto	u1010
  4406  023D                     u1011:
  4407  023D  2A41               	goto	l170
  4408  023E                     u1010:
  4409  023E                     l167:	
  4410                           ;mcc_generated_files/LED_manager.c: 91:         do { LATAbits.LATA2 = 1; } while(0);
  4411                           
  4412  023E  0022               	movlb	2	; select bank2
  4413  023F  150C               	bsf	12,2	;volatile
  4414  0240  2A43               	goto	l172
  4415  0241                     l170:	
  4416                           ;mcc_generated_files/LED_manager.c: 93:         do { LATAbits.LATA2 = 0; } while(0);
  4417                           
  4418  0241  0022               	movlb	2	; select bank2
  4419  0242  110C               	bcf	12,2	;volatile
  4420  0243                     l172:
  4421  0243  0008               	return
  4422  0244                     __end_of_setA2:
  4423                           
  4424                           	psect	text20
  4425  022E                     __ptext20:	
  4426 ;; *************** function _setD6 *****************
  4427 ;; Defined at:
  4428 ;;		line 151 in file "mcc_generated_files/LED_manager.c"
  4429 ;; Parameters:    Size  Location     Type
  4430 ;;  status          1    0[COMMON] _Bool 
  4431 ;; Auto vars:     Size  Location     Type
  4432 ;;		None
  4433 ;; Return value:  Size  Location     Type
  4434 ;;                  1    wreg      void 
  4435 ;; Registers used:
  4436 ;;		wreg, status,2, status,0
  4437 ;; Tracked objects:
  4438 ;;		On entry : 0/0
  4439 ;;		On exit  : 0/0
  4440 ;;		Unchanged: 0/0
  4441 ;; Data sizes:     COMMON   BANK0   BANK1   BANK2   BANK3   BANK4   BANK5   BANK6   BANK7   BANK8   BANK9  BANK10  BANK1
      +1  BANK12
  4442 ;;      Params:         1       0       0       0       0       0       0       0       0       0       0       0       
      +0       0
  4443 ;;      Locals:         0       0       0       0       0       0       0       0       0       0       0       0       
      +0       0
  4444 ;;      Temps:          0       0       0       0       0       0       0       0       0       0       0       0       
      +0       0
  4445 ;;      Totals:         1       0       0       0       0       0       0       0       0       0       0       0       
      +0       0
  4446 ;;Total ram usage:        1 bytes
  4447 ;; Hardware stack levels used: 1
  4448 ;; This function calls:
  4449 ;;		Nothing
  4450 ;; This function is called by:
  4451 ;;		_main
  4452 ;; This function uses a non-reentrant model
  4453 ;;
  4454                           
  4455                           
  4456                           ;psect for function _setD6
  4457  022E                     _setD6:
  4458  022E                     l1532:	
  4459                           ;incstack = 0
  4460                           ; Regs used in _setD6: [wreg+status,2+status,0]
  4461                           
  4462                           
  4463                           ;mcc_generated_files/LED_manager.c: 151: void setD6(_Bool status);mcc_generated_files/LE
      +                          D_manager.c: 152: {;mcc_generated_files/LED_manager.c: 153:     if(status == 1)
  4464  022E  0370               	decf	setD6@status,w
  4465  022F  1D03               	btfss	3,2
  4466  0230  2A32               	goto	u1101
  4467  0231  2A33               	goto	u1100
  4468  0232                     u1101:
  4469  0232  2A36               	goto	l251
  4470  0233                     u1100:
  4471  0233                     l248:	
  4472                           ;mcc_generated_files/LED_manager.c: 154:         do { LATDbits.LATD6 = 1; } while(0);
  4473                           
  4474  0233  0022               	movlb	2	; select bank2
  4475  0234  170F               	bsf	15,6	;volatile
  4476  0235  2A38               	goto	l253
  4477  0236                     l251:	
  4478                           ;mcc_generated_files/LED_manager.c: 156:         do { LATDbits.LATD6 = 0; } while(0);
  4479                           
  4480  0236  0022               	movlb	2	; select bank2
  4481  0237  130F               	bcf	15,6	;volatile
  4482  0238                     l253:
  4483  0238  0008               	return
  4484  0239                     __end_of_setD6:
  4485                           
  4486                           	psect	text21
  4487  0224                     __ptext21:	
  4488 ;; *************** function _SYSTEM_Initialize *****************
  4489 ;; Defined at:
  4490 ;;		line 50 in file "mcc_generated_files/mcc.c"
  4491 ;; Parameters:    Size  Location     Type
  4492 ;;		None
  4493 ;; Auto vars:     Size  Location     Type
  4494 ;;		None
  4495 ;; Return value:  Size  Location     Type
  4496 ;;                  1    wreg      void 
  4497 ;; Registers used:
  4498 ;;		wreg, status,2, status,0, pclath, cstack
  4499 ;; Tracked objects:
  4500 ;;		On entry : 0/0
  4501 ;;		On exit  : 0/0
  4502 ;;		Unchanged: 0/0
  4503 ;; Data sizes:     COMMON   BANK0   BANK1   BANK2   BANK3   BANK4   BANK5   BANK6   BANK7   BANK8   BANK9  BANK10  BANK1
      +1  BANK12
  4504 ;;      Params:         0       0       0       0       0       0       0       0       0       0       0       0       
      +0       0
  4505 ;;      Locals:         0       0       0       0       0       0       0       0       0       0       0       0       
      +0       0
  4506 ;;      Temps:          0       0       0       0       0       0       0       0       0       0       0       0       
      +0       0
  4507 ;;      Totals:         0       0       0       0       0       0       0       0       0       0       0       0       
      +0       0
  4508 ;;Total ram usage:        0 bytes
  4509 ;; Hardware stack levels used: 1
  4510 ;; Hardware stack levels required when called: 1
  4511 ;; This function calls:
  4512 ;;		_OSCILLATOR_Initialize
  4513 ;;		_PIN_MANAGER_Initialize
  4514 ;;		_WDT_Initialize
  4515 ;; This function is called by:
  4516 ;;		_main
  4517 ;; This function uses a non-reentrant model
  4518 ;;
  4519                           
  4520                           
  4521                           ;psect for function _SYSTEM_Initialize
  4522  0224                     _SYSTEM_Initialize:
  4523  0224                     l1492:	
  4524                           ;incstack = 0
  4525                           ; Regs used in _SYSTEM_Initialize: [wreg+status,2+status,0+pclath+cstack]
  4526                           
  4527                           
  4528                           ;mcc_generated_files/mcc.c: 53:     PIN_MANAGER_Initialize();
  4529  0224  3183  230A  3182   	fcall	_PIN_MANAGER_Initialize
  4530                           
  4531                           ;mcc_generated_files/mcc.c: 54:     OSCILLATOR_Initialize();
  4532  0227  3182  221D  3182   	fcall	_OSCILLATOR_Initialize
  4533                           
  4534                           ;mcc_generated_files/mcc.c: 55:     WDT_Initialize();
  4535  022A  3182  2213  3182   	fcall	_WDT_Initialize
  4536  022D                     l59:
  4537  022D  0008               	return
  4538  022E                     __end_of_SYSTEM_Initialize:
  4539                           
  4540                           	psect	text22
  4541  0213                     __ptext22:	
  4542 ;; *************** function _WDT_Initialize *****************
  4543 ;; Defined at:
  4544 ;;		line 68 in file "mcc_generated_files/mcc.c"
  4545 ;; Parameters:    Size  Location     Type
  4546 ;;		None
  4547 ;; Auto vars:     Size  Location     Type
  4548 ;;		None
  4549 ;; Return value:  Size  Location     Type
  4550 ;;                  1    wreg      void 
  4551 ;; Registers used:
  4552 ;;		wreg
  4553 ;; Tracked objects:
  4554 ;;		On entry : 0/0
  4555 ;;		On exit  : 0/0
  4556 ;;		Unchanged: 0/0
  4557 ;; Data sizes:     COMMON   BANK0   BANK1   BANK2   BANK3   BANK4   BANK5   BANK6   BANK7   BANK8   BANK9  BANK10  BANK1
      +1  BANK12
  4558 ;;      Params:         0       0       0       0       0       0       0       0       0       0       0       0       
      +0       0
  4559 ;;      Locals:         0       0       0       0       0       0       0       0       0       0       0       0       
      +0       0
  4560 ;;      Temps:          0       0       0       0       0       0       0       0       0       0       0       0       
      +0       0
  4561 ;;      Totals:         0       0       0       0       0       0       0       0       0       0       0       0       
      +0       0
  4562 ;;Total ram usage:        0 bytes
  4563 ;; Hardware stack levels used: 1
  4564 ;; This function calls:
  4565 ;;		Nothing
  4566 ;; This function is called by:
  4567 ;;		_SYSTEM_Initialize
  4568 ;; This function uses a non-reentrant model
  4569 ;;
  4570                           
  4571                           
  4572                           ;psect for function _WDT_Initialize
  4573  0213                     _WDT_Initialize:
  4574  0213                     l1490:	
  4575                           ;incstack = 0
  4576                           ; Regs used in _WDT_Initialize: [wreg]
  4577                           
  4578                           
  4579                           ;mcc_generated_files/mcc.c: 71:     WDTCON = 0x16;
  4580  0213  3016               	movlw	22
  4581  0214  0021               	movlb	1	; select bank1
  4582  0215  0097               	movwf	23	;volatile
  4583  0216                     l65:
  4584  0216  0008               	return
  4585  0217                     __end_of_WDT_Initialize:
  4586                           
  4587                           	psect	text23
  4588  030A                     __ptext23:	
  4589 ;; *************** function _PIN_MANAGER_Initialize *****************
  4590 ;; Defined at:
  4591 ;;		line 55 in file "mcc_generated_files/pin_manager.c"
  4592 ;; Parameters:    Size  Location     Type
  4593 ;;		None
  4594 ;; Auto vars:     Size  Location     Type
  4595 ;;		None
  4596 ;; Return value:  Size  Location     Type
  4597 ;;                  1    wreg      void 
  4598 ;; Registers used:
  4599 ;;		wreg, status,2
  4600 ;; Tracked objects:
  4601 ;;		On entry : 0/0
  4602 ;;		On exit  : 0/0
  4603 ;;		Unchanged: 0/0
  4604 ;; Data sizes:     COMMON   BANK0   BANK1   BANK2   BANK3   BANK4   BANK5   BANK6   BANK7   BANK8   BANK9  BANK10  BANK1
      +1  BANK12
  4605 ;;      Params:         0       0       0       0       0       0       0       0       0       0       0       0       
      +0       0
  4606 ;;      Locals:         0       0       0       0       0       0       0       0       0       0       0       0       
      +0       0
  4607 ;;      Temps:          0       0       0       0       0       0       0       0       0       0       0       0       
      +0       0
  4608 ;;      Totals:         0       0       0       0       0       0       0       0       0       0       0       0       
      +0       0
  4609 ;;Total ram usage:        0 bytes
  4610 ;; Hardware stack levels used: 1
  4611 ;; This function calls:
  4612 ;;		Nothing
  4613 ;; This function is called by:
  4614 ;;		_SYSTEM_Initialize
  4615 ;; This function uses a non-reentrant model
  4616 ;;
  4617                           
  4618                           
  4619                           ;psect for function _PIN_MANAGER_Initialize
  4620  030A                     _PIN_MANAGER_Initialize:
  4621  030A                     l1462:	
  4622                           ;incstack = 0
  4623                           ; Regs used in _PIN_MANAGER_Initialize: [wreg+status,2]
  4624                           
  4625                           
  4626                           ;mcc_generated_files/pin_manager.c: 60:     LATE = 0x00;
  4627  030A  0022               	movlb	2	; select bank2
  4628  030B  0190               	clrf	16	;volatile
  4629                           
  4630                           ;mcc_generated_files/pin_manager.c: 61:     LATD = 0x00;
  4631  030C  018F               	clrf	15	;volatile
  4632                           
  4633                           ;mcc_generated_files/pin_manager.c: 62:     LATA = 0x00;
  4634  030D  018C               	clrf	12	;volatile
  4635                           
  4636                           ;mcc_generated_files/pin_manager.c: 63:     LATB = 0x00;
  4637  030E  018D               	clrf	13	;volatile
  4638                           
  4639                           ;mcc_generated_files/pin_manager.c: 64:     LATC = 0x00;
  4640  030F  018E               	clrf	14	;volatile
  4641  0310                     l1464:
  4642                           
  4643                           ;mcc_generated_files/pin_manager.c: 69:     TRISE = 0x09;
  4644  0310  3009               	movlw	9
  4645  0311  0021               	movlb	1	; select bank1
  4646  0312  0090               	movwf	16	;volatile
  4647  0313                     l1466:
  4648                           
  4649                           ;mcc_generated_files/pin_manager.c: 70:     TRISA = 0x32;
  4650  0313  3032               	movlw	50
  4651  0314  008C               	movwf	12	;volatile
  4652  0315                     l1468:
  4653                           
  4654                           ;mcc_generated_files/pin_manager.c: 71:     TRISB = 0xFF;
  4655  0315  30FF               	movlw	255
  4656  0316  008D               	movwf	13	;volatile
  4657  0317                     l1470:
  4658                           
  4659                           ;mcc_generated_files/pin_manager.c: 72:     TRISC = 0x00;
  4660  0317  018E               	clrf	14	;volatile
  4661  0318                     l1472:
  4662                           
  4663                           ;mcc_generated_files/pin_manager.c: 73:     TRISD = 0x00;
  4664  0318  018F               	clrf	15	;volatile
  4665  0319                     l1474:
  4666                           
  4667                           ;mcc_generated_files/pin_manager.c: 78:     ANSELD = 0x00;
  4668  0319  0023               	movlb	3	; select bank3
  4669  031A  018F               	clrf	15	;volatile
  4670                           
  4671                           ;mcc_generated_files/pin_manager.c: 79:     ANSELB = 0x01;
  4672  031B  3001               	movlw	1
  4673  031C  008D               	movwf	13	;volatile
  4674                           
  4675                           ;mcc_generated_files/pin_manager.c: 80:     ANSELE = 0x05;
  4676  031D  3005               	movlw	5
  4677  031E  0090               	movwf	16	;volatile
  4678                           
  4679                           ;mcc_generated_files/pin_manager.c: 81:     ANSELA = 0x02;
  4680  031F  3002               	movlw	2
  4681  0320  008C               	movwf	12	;volatile
  4682  0321                     l1476:
  4683                           
  4684                           ;mcc_generated_files/pin_manager.c: 86:     WPUE = 0x00;
  4685  0321  0024               	movlb	4	; select bank4
  4686  0322  0190               	clrf	16	;volatile
  4687  0323                     l1478:
  4688                           
  4689                           ;mcc_generated_files/pin_manager.c: 87:     WPUB = 0x00;
  4690  0323  018D               	clrf	13	;volatile
  4691  0324                     l1480:
  4692                           
  4693                           ;mcc_generated_files/pin_manager.c: 88:     OPTION_REGbits.nWPUEN = 1;
  4694  0324  0021               	movlb	1	; select bank1
  4695  0325  1795               	bsf	21,7	;volatile
  4696  0326                     l1482:
  4697                           
  4698                           ;mcc_generated_files/pin_manager.c: 94:     APFCON = 0x00;
  4699  0326  0022               	movlb	2	; select bank2
  4700  0327  019D               	clrf	29	;volatile
  4701  0328                     l39:
  4702  0328  0008               	return
  4703  0329                     __end_of_PIN_MANAGER_Initialize:
  4704                           
  4705                           	psect	text24
  4706  021D                     __ptext24:	
  4707 ;; *************** function _OSCILLATOR_Initialize *****************
  4708 ;; Defined at:
  4709 ;;		line 58 in file "mcc_generated_files/mcc.c"
  4710 ;; Parameters:    Size  Location     Type
  4711 ;;		None
  4712 ;; Auto vars:     Size  Location     Type
  4713 ;;		None
  4714 ;; Return value:  Size  Location     Type
  4715 ;;                  1    wreg      void 
  4716 ;; Registers used:
  4717 ;;		wreg, status,2
  4718 ;; Tracked objects:
  4719 ;;		On entry : 0/0
  4720 ;;		On exit  : 0/0
  4721 ;;		Unchanged: 0/0
  4722 ;; Data sizes:     COMMON   BANK0   BANK1   BANK2   BANK3   BANK4   BANK5   BANK6   BANK7   BANK8   BANK9  BANK10  BANK1
      +1  BANK12
  4723 ;;      Params:         0       0       0       0       0       0       0       0       0       0       0       0       
      +0       0
  4724 ;;      Locals:         0       0       0       0       0       0       0       0       0       0       0       0       
      +0       0
  4725 ;;      Temps:          0       0       0       0       0       0       0       0       0       0       0       0       
      +0       0
  4726 ;;      Totals:         0       0       0       0       0       0       0       0       0       0       0       0       
      +0       0
  4727 ;;Total ram usage:        0 bytes
  4728 ;; Hardware stack levels used: 1
  4729 ;; This function calls:
  4730 ;;		Nothing
  4731 ;; This function is called by:
  4732 ;;		_SYSTEM_Initialize
  4733 ;; This function uses a non-reentrant model
  4734 ;;
  4735                           
  4736                           
  4737                           ;psect for function _OSCILLATOR_Initialize
  4738  021D                     _OSCILLATOR_Initialize:
  4739  021D                     l1484:	
  4740                           ;incstack = 0
  4741                           ; Regs used in _OSCILLATOR_Initialize: [wreg+status,2]
  4742                           
  4743                           
  4744                           ;mcc_generated_files/mcc.c: 61:     OSCCON = 0x38;
  4745  021D  3038               	movlw	56
  4746  021E  0021               	movlb	1	; select bank1
  4747  021F  0099               	movwf	25	;volatile
  4748  0220                     l1486:
  4749                           
  4750                           ;mcc_generated_files/mcc.c: 63:     OSCTUNE = 0x00;
  4751  0220  0198               	clrf	24	;volatile
  4752  0221                     l1488:
  4753                           
  4754                           ;mcc_generated_files/mcc.c: 65:     BORCON = 0x00;
  4755  0221  0022               	movlb	2	; select bank2
  4756  0222  0196               	clrf	22	;volatile
  4757  0223                     l62:
  4758  0223  0008               	return
  4759  0224                     __end_of_OSCILLATOR_Initialize:
  4760  007E                     btemp	set	126	;btemp
  4761  007E                     wtemp0	set	126
  4762                           
  4763                           	psect	config
  4764                           
  4765                           ;Config register CONFIG1 @ 0x8007
  4766                           ;	Oscillator Selection
  4767                           ;	FOSC = INTOSC, INTOSC oscillator: I/O function on CLKIN pin
  4768                           ;	Watchdog Timer Enable
  4769                           ;	WDTE = OFF, WDT disabled
  4770                           ;	Power-up Timer Enable
  4771                           ;	PWRTE = OFF, PWRT disabled
  4772                           ;	MCLR Pin Function Select
  4773                           ;	MCLRE = ON, MCLR/VPP pin function is MCLR
  4774                           ;	Flash Program Memory Code Protection
  4775                           ;	CP = OFF, Program memory code protection is disabled
  4776                           ;	Data Memory Code Protection
  4777                           ;	CPD = OFF, Data memory code protection is disabled
  4778                           ;	Brown-out Reset Enable
  4779                           ;	BOREN = ON, Brown-out Reset enabled
  4780                           ;	Clock Out Enable
  4781                           ;	CLKOUTEN = OFF, CLKOUT function is disabled. I/O or oscillator function on the CLKOUT 
      +                          pin
  4782                           ;	Internal/External Switchover
  4783                           ;	IESO = ON, Internal/External Switchover mode is enabled
  4784                           ;	Fail-Safe Clock Monitor Enable
  4785                           ;	FCMEN = ON, Fail-Safe Clock Monitor is enabled
  4786  8007                     	org	32775
  4787  8007  3FE4               	dw	16356
  4788                           
  4789                           ;Config register CONFIG2 @ 0x8008
  4790                           ;	Flash Memory Self-Write Protection
  4791                           ;	WRT = OFF, Write protection off
  4792                           ;	Voltage Regulator Capacitor Enable
  4793                           ;	VCAPEN = OFF, All VCAP pin functionality is disabled
  4794                           ;	PLL Enable
  4795                           ;	PLLEN = OFF, 4x PLL disabled
  4796                           ;	Stack Overflow/Underflow Reset Enable
  4797                           ;	STVREN = ON, Stack Overflow or Underflow will cause a Reset
  4798                           ;	Brown-out Reset Voltage Selection
  4799                           ;	BORV = LO, Brown-out Reset Voltage (Vbor), low trip point selected.
  4800                           ;	Low-Voltage Programming Enable
  4801                           ;	LVP = ON, Low-voltage programming enabled
  4802  8008                     	org	32776
  4803  8008  3EFF               	dw	16127

Data Sizes:
    Strings     0
    Constant    0
    Data        40
    BSS         0
    Persistent  32
    Stack       0

Auto Spaces:
    Space          Size  Autos    Used
    COMMON           14      3       3
    BANK0            80     77      77
    BANK1            80      0      40
    BANK2            80      0       0
    BANK3            80      0       0
    BANK4            80      0       0
    BANK5            80      0       0
    BANK6            80      0       0
    BANK7            80      0       0
    BANK8            80      0       0
    BANK9            80      0       0
    BANK10           80      0       0
    BANK11           80      0       0
    BANK12           48      0       0

Pointer List with Targets:

    main@Lower_LED	PTR FTN(_Bool ,)void [10] size(2) Largest target is 1
		 -> setD6(), setD4(), setC6(), setC4(), 
		 -> setD2(), setD0(), setC0(), setA7(), 
		 -> setA3(), setA2(), 

    main@F3033	PTR FTN(_Bool ,)void [10] size(2) Largest target is 1
		 -> setD6(), setD4(), setC6(), setC4(), 
		 -> setD2(), setD0(), setC0(), setA7(), 
		 -> setA3(), setA2(), 

    main@Upper_LED	PTR FTN(_Bool ,)void [10] size(2) Largest target is 1
		 -> setD7(), setD5(), setC7(), setC5(), 
		 -> setD3(), setD1(), setC3(), setA6(), 
		 -> setE1(), setA0(), 

    main@F3007	PTR FTN(_Bool ,)void [10] size(2) Largest target is 1
		 -> setD7(), setD5(), setC7(), setC5(), 
		 -> setD3(), setD1(), setC3(), setA6(), 
		 -> setE1(), setA0(), 


Critical Paths under _main in COMMON

    _main->_setA0
    _main->_setA2
    _main->_setA3
    _main->_setA6
    _main->_setA7
    _main->_setC0
    _main->_setC3
    _main->_setC4
    _main->_setC5
    _main->_setC6
    _main->_setC7
    _main->_setD0
    _main->_setD1
    _main->_setD2
    _main->_setD3
    _main->_setD4
    _main->_setD5
    _main->_setD6
    _main->_setD7
    _main->_setE1

Critical Paths under _main in BANK0

    None.

Critical Paths under _main in BANK1

    None.

Critical Paths under _main in BANK2

    None.

Critical Paths under _main in BANK3

    None.

Critical Paths under _main in BANK4

    None.

Critical Paths under _main in BANK5

    None.

Critical Paths under _main in BANK6

    None.

Critical Paths under _main in BANK7

    None.

Critical Paths under _main in BANK8

    None.

Critical Paths under _main in BANK9

    None.

Critical Paths under _main in BANK10

    None.

Critical Paths under _main in BANK11

    None.

Critical Paths under _main in BANK12

    None.

Call Graph Tables:

 ---------------------------------------------------------------------------------
 (Depth) Function   	        Calls       Base Space   Used Autos Params    Refs
 ---------------------------------------------------------------------------------
 (0) _main                                                79    79      0    4628
                                              1 COMMON     2     2      0
                                              0 BANK0     77    77      0
                  _SYSTEM_Initialize
                              _setA0 *
                              _setA2 *
                              _setA3 *
                              _setA6 *
                              _setA7 *
                              _setC0 *
                              _setC3 *
                              _setC4 *
                              _setC5 *
                              _setC6 *
                              _setC7 *
                              _setD0 *
                              _setD1 *
                              _setD2 *
                              _setD3 *
                              _setD4 *
                              _setD5 *
                              _setD6 *
                              _setD7 *
                              _setE1 *
 ---------------------------------------------------------------------------------
 (1) _setE1                                                1     0      1      22
                                              0 COMMON     1     0      1
 ---------------------------------------------------------------------------------
 (1) _setD7                                                1     0      1     552
                                              0 COMMON     1     0      1
 ---------------------------------------------------------------------------------
 (1) _setD6                                                1     0      1     552
                                              0 COMMON     1     0      1
 ---------------------------------------------------------------------------------
 (1) _setD5                                                1     0      1      22
                                              0 COMMON     1     0      1
 ---------------------------------------------------------------------------------
 (1) _setD4                                                1     0      1      22
                                              0 COMMON     1     0      1
 ---------------------------------------------------------------------------------
 (1) _setD3                                                1     0      1      22
                                              0 COMMON     1     0      1
 ---------------------------------------------------------------------------------
 (1) _setD2                                                1     0      1      22
                                              0 COMMON     1     0      1
 ---------------------------------------------------------------------------------
 (1) _setD1                                                1     0      1      22
                                              0 COMMON     1     0      1
 ---------------------------------------------------------------------------------
 (1) _setD0                                                1     0      1      22
                                              0 COMMON     1     0      1
 ---------------------------------------------------------------------------------
 (1) _setC7                                                1     0      1      22
                                              0 COMMON     1     0      1
 ---------------------------------------------------------------------------------
 (1) _setC6                                                1     0      1      22
                                              0 COMMON     1     0      1
 ---------------------------------------------------------------------------------
 (1) _setC5                                                1     0      1      22
                                              0 COMMON     1     0      1
 ---------------------------------------------------------------------------------
 (1) _setC4                                                1     0      1      22
                                              0 COMMON     1     0      1
 ---------------------------------------------------------------------------------
 (1) _setC3                                                1     0      1      22
                                              0 COMMON     1     0      1
 ---------------------------------------------------------------------------------
 (1) _setC0                                                1     0      1      22
                                              0 COMMON     1     0      1
 ---------------------------------------------------------------------------------
 (1) _setA7                                                1     0      1      22
                                              0 COMMON     1     0      1
 ---------------------------------------------------------------------------------
 (1) _setA6                                                1     0      1      22
                                              0 COMMON     1     0      1
 ---------------------------------------------------------------------------------
 (1) _setA3                                                1     0      1      22
                                              0 COMMON     1     0      1
 ---------------------------------------------------------------------------------
 (1) _setA2                                                1     0      1      22
                                              0 COMMON     1     0      1
 ---------------------------------------------------------------------------------
 (1) _setA0                                                1     0      1      22
                                              0 COMMON     1     0      1
 ---------------------------------------------------------------------------------
 (1) _SYSTEM_Initialize                                    0     0      0       0
              _OSCILLATOR_Initialize
             _PIN_MANAGER_Initialize
                     _WDT_Initialize
 ---------------------------------------------------------------------------------
 (2) _WDT_Initialize                                       0     0      0       0
 ---------------------------------------------------------------------------------
 (2) _PIN_MANAGER_Initialize                               0     0      0       0
 ---------------------------------------------------------------------------------
 (2) _OSCILLATOR_Initialize                                0     0      0       0
 ---------------------------------------------------------------------------------
 Estimated maximum stack depth 2
 ---------------------------------------------------------------------------------

 Call Graph Graphs:

 _main (ROOT)
   _SYSTEM_Initialize
     _OSCILLATOR_Initialize
     _PIN_MANAGER_Initialize
     _WDT_Initialize
   _setA0 *
   _setA2 *
   _setA3 *
   _setA6 *
   _setA7 *
   _setC0 *
   _setC3 *
   _setC4 *
   _setC5 *
   _setC6 *
   _setC7 *
   _setD0 *
   _setD1 *
   _setD2 *
   _setD3 *
   _setD4 *
   _setD5 *
   _setD6 *
   _setD7 *
   _setE1 *

 Address spaces:
Name               Size   Autos  Total    Cost      Usage
BIGRAM             3F0      0       0       0        0.0%
EEDATA             100      0       0       0        0.0%
NULL                 0      0       0       0        0.0%
CODE                 0      0       0       0        0.0%
BITCOMMON            E      0       0       1        0.0%
BITSFR0              0      0       0       1        0.0%
SFR0                 0      0       0       1        0.0%
COMMON               E      3       3       2       21.4%
BITSFR1              0      0       0       2        0.0%
SFR1                 0      0       0       2        0.0%
BITSFR2              0      0       0       3        0.0%
SFR2                 0      0       0       3        0.0%
STACK                0      0       0       3        0.0%
BITBANK0            50      0       0       4        0.0%
BITSFR3              0      0       0       4        0.0%
SFR3                 0      0       0       4        0.0%
BANK0               50     4D      4D       5       96.2%
BITSFR4              0      0       0       5        0.0%
SFR4                 0      0       0       5        0.0%
BITBANK1            50      0       0       6        0.0%
BITSFR5              0      0       0       6        0.0%
SFR5                 0      0       0       6        0.0%
BANK1               50      0      28       7       50.0%
BITSFR6              0      0       0       7        0.0%
SFR6                 0      0       0       7        0.0%
BITBANK2            50      0       0       8        0.0%
BITSFR7              0      0       0       8        0.0%
SFR7                 0      0       0       8        0.0%
BANK2               50      0       0       9        0.0%
BITSFR8              0      0       0       9        0.0%
SFR8                 0      0       0       9        0.0%
BITBANK3            50      0       0      10        0.0%
BITSFR9              0      0       0      10        0.0%
SFR9                 0      0       0      10        0.0%
BANK3               50      0       0      11        0.0%
BITSFR10             0      0       0      11        0.0%
SFR10                0      0       0      11        0.0%
BITBANK4            50      0       0      12        0.0%
BITSFR11             0      0       0      12        0.0%
SFR11                0      0       0      12        0.0%
BANK4               50      0       0      13        0.0%
BITSFR12             0      0       0      13        0.0%
SFR12                0      0       0      13        0.0%
BITBANK5            50      0       0      14        0.0%
BITSFR13             0      0       0      14        0.0%
SFR13                0      0       0      14        0.0%
BANK5               50      0       0      15        0.0%
BITSFR14             0      0       0      15        0.0%
SFR14                0      0       0      15        0.0%
BITBANK6            50      0       0      16        0.0%
BITSFR15             0      0       0      16        0.0%
SFR15                0      0       0      16        0.0%
BANK6               50      0       0      17        0.0%
BITSFR16             0      0       0      17        0.0%
SFR16                0      0       0      17        0.0%
BITBANK7            50      0       0      18        0.0%
BITSFR17             0      0       0      18        0.0%
SFR17                0      0       0      18        0.0%
BANK7               50      0       0      19        0.0%
BITSFR18             0      0       0      19        0.0%
SFR18                0      0       0      19        0.0%
BITSFR19             0      0       0      20        0.0%
SFR19                0      0       0      20        0.0%
ABS                  0      0      78      20        0.0%
BITBANK8            50      0       0      21        0.0%
BITSFR20             0      0       0      21        0.0%
SFR20                0      0       0      21        0.0%
BANK8               50      0       0      22        0.0%
BITSFR21             0      0       0      22        0.0%
SFR21                0      0       0      22        0.0%
BITBANK9            50      0       0      23        0.0%
BITSFR22             0      0       0      23        0.0%
SFR22                0      0       0      23        0.0%
BANK9               50      0       0      24        0.0%
BITSFR23             0      0       0      24        0.0%
SFR23                0      0       0      24        0.0%
BITBANK10           50      0       0      25        0.0%
BITSFR24             0      0       0      25        0.0%
SFR24                0      0       0      25        0.0%
BANK10              50      0       0      26        0.0%
BITSFR25             0      0       0      26        0.0%
SFR25                0      0       0      26        0.0%
BITBANK11           50      0       0      27        0.0%
BITSFR26             0      0       0      27        0.0%
SFR26                0      0       0      27        0.0%
BANK11              50      0       0      28        0.0%
BITSFR27             0      0       0      28        0.0%
SFR27                0      0       0      28        0.0%
BITBANK12           30      0       0      29        0.0%
BITSFR28             0      0       0      29        0.0%
SFR28                0      0       0      29        0.0%
BANK12              30      0       0      30        0.0%
BITSFR29             0      0       0      30        0.0%
SFR29                0      0       0      30        0.0%
BITSFR30             0      0       0      31        0.0%
SFR30                0      0       0      31        0.0%
DATA                 0      0      78      31        0.0%
BITSFR31             0      0       0      32        0.0%
SFR31                0      0       0      32        0.0%


Microchip Technology PIC Macro Assembler V2.32 build 20210201212658 
Symbol Table                                                                                   Sat Aug 07 19:44:24 2021

                             l62 0223                               l39 0328                               l80 02AF  
                             l65 0216                               l82 02B1                               l59 022D  
                             l91 02A6                               l77 02AC                               l86 02A1  
                             l95 02B7                               l89 02A4                               l98 02BA  
                            l100 02BC                              l104 02C2                              l113 02CD  
                            l122 02D8                              l203 026A                              l107 02C5  
                            l131 02E3                              l212 0275                              l116 02D0  
                            l140 02EE                              l221 0280                              l109 02C7  
                            l125 02DB                              l206 026D                              l230 028B  
                            l118 02D2                              l134 02E6                              l215 0278  
                            l127 02DD                              l143 02F1                              l208 026F  
                            l224 0283                              l136 02E8                              l152 02FC  
                            l400 06B0                              l217 027A                              l233 028E  
                            l145 02F3                              l161 0307                              l170 0241  
                            l226 0285                              l242 0299                              l154 02FE  
                            l251 0236                              l235 0290                              l163 0309  
                            l323 0500                              l172 0243                              l244 029B  
                            l253 0238                              l181 024E                              l149 02F9  
                            l341 04DC                              l190 0259                              l158 0304  
                            l167 023E                              l239 0296                              l351 04F1  
                            l335 0486                              l319 052E                              l248 0233  
                            l176 0249                              l360 0589                              l352 052E  
                            l185 0254                              l194 025F                              l370 05DA  
                            l362 057C                              l179 024C                              l188 0257  
                            l380 0625                              l372 05CD                              l197 0262  
                            l357 0551                              l390 0670                              l382 0618  
                            l199 0264                              l367 05AB                              l392 0663  
                            l377 05F9                              l387 0644                              l396 068A  
                            l399 06BD                              u910 02AC                              u911 02AB  
                            u920 02A1                              u921 02A0                              u930 02B7  
                            u931 02B6                              u940 02C2                              u941 02C1  
                            u950 02CD                              u951 02CC                              u960 02D8  
                            u961 02D7                              u970 02E3                              u971 02E2  
                            u980 02EE                              u981 02ED                              u990 02F9  
                            u991 02F8                              wreg 0009                main@currentStatus 0069  
                           l1500 02BD                             l1502 02C8                             l1510 02F4  
                           l1520 025A                             l1504 02D3                             l1512 02FF  
                           l1600 0421                             l1514 0239                             l1522 0265  
                           l1530 0291                             l1506 02DE                             l1532 022E  
                           l1516 0244                             l1524 0270                             l1508 02E9  
                           l1620 0471                             l1612 0449                             l1604 0426  
                           l1540 0370                             l1470 0317                             l1462 030A  
                           l1518 024F                             l1526 027B                             l1710 05D1  
                           l1702 05B8                             l1630 04A3                             l1622 0477  
                           l1614 044C                             l1606 043B                             l1550 0383  
                           l1542 0373                             l1534 0351                             l1480 0324  
                           l1472 0318                             l1464 0310                             l1528 0286  
                           l1720 05EC                             l1704 05BD                             l1640 04CF  
                           l1632 04AB                             l1624 047F                             l1616 0464  
                           l1608 0443                             l1560 0395                             l1552 0387  
                           l1544 0377                             l1536 0354                             l1482 0326  
                           l1474 0319                             l1466 0313                             l1490 0213  
                           l1810 0716                             l1802 06F5                             l1722 05F1  
                           l1730 0606                             l1706 05C3                             l1714 05DA  
                           l1642 04E2                             l1634 04B2                             l1626 0494  
                           l1618 046C                             l1570 03B4                             l1562 0396  
                           l1554 038B                             l1546 037B                             l1538 0362  
                           l1484 021D                             l1476 0321                             l1468 0315  
                           l1492 0224                             l1820 074A                             l1812 0722  
                           l1804 0700                             l1732 060B                             l1724 05F5  
                           l1716 05DE                             l1708 05C7                             l1660 0538  
                           l1652 0512                             l1644 04EA                             l1636 04BE  
                           l1628 049B                             l1580 03D3                             l1572 03BA  
                           l1564 039B                             l1556 038F                             l1548 037F  
                           l1486 0220                             l1478 0323                             l1494 02A7  
                           l1830 0782                             l1822 0755                             l1814 0727  
                           l1806 0705                             l1750 063C                             l1734 0610  
                           l1726 05FD                             l1718 05E6                             l1742 0625  
                           l1662 053E                             l1654 0528                             l1646 0502  
                           l1638 04C4                             l1590 03F6                             l1582 03D8  
                           l1566 03A3                             l1558 0393                             l1488 0221  
                           l1496 029C                             l1840 07A9                             l1824 075A  
                           l1816 0734                             l1808 0712                             l1760 0656  
                           l1752 0640                             l1744 0629                             l1736 0614  
                           l1680 0576                             l1664 0546                             l1672 055E  
                           l1648 0504                             l1592 040E                             l1584 03E5  
                           l1568 03A8                             l1498 02B2                             l1850 07C0  
                           l1834 0790                             l1826 0768                             l1762 065B  
                           l1754 0648                             l1746 0631                             l1770 0670  
                           l1738 061C                             l1690 0595                             l1682 0580  
                           l1674 0563                             l1666 054B                             l1658 0533  
                           l1594 0416                             l1586 03E8                             l1578 03BD  
                           l1844 07AF                             l1828 077F                             l1772 0674  
                           l1780 0696                             l1764 065F                             l1748 0637  
                           l1692 059B                             l1676 0569                             l1668 0555  
                           l1854 07CF                             l1846 07B2                             l1838 079F  
                           l1790 06BE                             l1782 069A                             l1862 07DF  
                           l1774 067C                             l1766 0667                             l1758 0651  
                           l1694 05A1                             l1678 0571                             l1686 0589  
                           l1598 041C                             l1856 07D9                             l1792 06C1  
                           l1784 06A2                             l1776 0681                             l1696 05A5  
                           l1688 058D                             l1794 06CD                             l1786 06A7  
                           l1778 068E                             l1698 05AF                             l1796 06D2  
                           l1788 06B4                             l1798 06DF                             l1888 07E7  
                           u1000 0304                             u1001 0303                             u1010 023E  
                           u1011 023D                             u1100 0233                             u1020 0249  
                           u1101 0232                             u1021 0248                             u1030 0254  
                           u1110 035E                             u1031 0253                             u1040 025F  
                           u1200 0425                             u1120 036C                             u1041 025E  
                           u1201 0424                             u1050 026A                             u1210 0477  
                           u1130 039B                             u1051 0269                             u1211 0476  
                           u1131 039A                             u1060 0275                             u1300 0538  
                           u1220 0494                             u1140 03A8                             u1061 0274  
                           u1301 0537                             u1221 0493                             u1141 03A7  
                           u1070 0280                             u1310 053E                             u1230 049B  
                           u1150 03B2                             u1071 027F                             u2007 069D  
                           u1311 053D                             u1231 049A                             u1151 03AF  
                           u1080 028B                             u1400 05A1                             u1320 054B  
                           u1240 04B2                             u1081 028A                             u1401 05A0  
                           u1321 054A                             u1241 04B1                             u1225 0490  
                           u1090 0296                             u1410 05A5                             u1330 0555  
                           u1250 04C4                             u1170 03BA                             u1091 0295  
                           u1411 05A4                             u1331 0554                             u1251 04C3  
                           u1171 03B9                             u1500 05F5                             u1420 05AF  
                           u1340 0563                             u1260 04E2                             u1180 03E5  
                           u1164 03B4                             u1501 05F4                             u1421 05AE  
                           u1341 0562                             u1261 04E1                             u1181 03E4  
                           _LATA 010C                             u1510 05FD                             u1430 05BD  
                           u1350 0569                             u1270 04FF                             u1190 03F5  
                           _LATB 010D                             u1511 05FC                             u1431 05BC  
                           u1351 0568                             u1271 04FE                             u1191 03F4  
                           _LATC 010E                             u1600 0648                             u1520 060B  
                           u1440 05C3                             u1360 0576                             u1280 0511  
                           _LATD 010F                             u1601 0647                             u1521 060A  
                           u1441 05C2                             u1361 0575                             u1281 0510  
                           u1185 03E1                             _LATE 0110                             u1610 0656  
                           u1530 0610                             u1450 05C7                             u1370 0580  
                           u1290 0533                             u1611 0655                             u1531 060F  
                           u1451 05C6                             u1371 057F                             u1291 0532  
                           u1275 04FB                             u1195 03F1                             u1700 06B4  
                           u1620 065B                             u1540 0614                             u1460 05D1  
                           u1380 058D                             u1701 06B3                             u1621 065A  
                           u1541 0613                             u1461 05D0                             u1381 058C  
                           u1285 050D                             u1710 06DF                             u1630 065F  
                           u1550 061C                             u1470 05DE                             u1390 059B  
                           u1711 06DE                             u1631 065E                             u1551 061B  
                           u1471 05DD                             u1391 059A                             u1800 07CE  
                           u1720 06F4                             u1640 0667                             u1560 0629  
                           u1480 05EC                             u1801 07CD                             u1721 06F3  
                           u1641 0666                             u1561 0628                             u1481 05EB  
                           u1730 0712                             u1650 0674                             u1570 0637  
                           u1490 05F1                             u1731 0711                             u1715 06DB  
                           u1651 0673                             u1571 0636                             u1491 05F0  
                           u1740 0734                             u1660 0681                             u1580 063C  
                           u1805 07CA                             u1741 0733                             u1725 06F0  
                           u1661 0680                             u1581 063B                             u1750 0749  
                           u1670 068E                             u1590 0640                             u1751 0748  
                           u1735 070E                             u1671 068D                             u1591 063F  
                           u1760 0767                             u1680 069A                             u1761 0766  
                           u1745 0730                             u1681 0699                             u1817 039E  
                           u1770 078F                             u1690 06A7                             u1771 078E  
                           u1755 0745                             u1691 06A6                             u1907 0590  
                           u1827 0411                             u1780 079E                             u1781 079D  
                           u1765 0763                             u1917 05B2                             u1837 043E  
                           u1790 07BF                             u1791 07BE                             u1775 078B  
                           u1927 05D4                             u1847 0467                             u1785 079A  
                           u1937 05E1                             u1857 04D2                             u1795 07BB  
                           u1947 0600                             u1867 0541                             u1957 061F  
                           u1877 0558                             u1967 062C                             u1887 056C  
                           u1977 064B                             u1897 0583                             u1987 066A  
                           u1997 0677                             _WPUB 020D                             _WPUE 0210  
                           _main 0351                             fsr0h 0005                             fsr1h 0007  
                           fsr0l 0004                             fsr1l 0006                             btemp 007E  
                           start 0002                    main@Lower_LED 0034   __size_of_OSCILLATOR_Initialize 0007  
  __end_of_OSCILLATOR_Initialize 0224                            ?_main 0070                            _TRISA 008C  
                          _TRISB 008D                            _TRISC 008E                            _TRISD 008F  
                          _TRISE 0090                   _WDT_Initialize 0213                            _setA0 02A7  
                          _setA2 0239                            _setA3 0244                            _setC0 025A  
                          _setD0 0265                            _setA6 02B2                            _setD1 02C8  
                          _setC3 02BD                            _setA7 024F                            _setD2 0270  
                          _setC4 027B                            _setE1 029C                            _setD3 02D3  
                          _setC5 02DE                            _setD4 0291                            _setC6 0286  
                          _setD5 02F4                            _setC7 02E9                            _setD6 022E  
                          _setD7 02FF                    main@Upper_LED 0020                            main@i 0058  
                          pclath 000A                            status 0003                            wtemp0 007E  
                __initialization 07F1                     __end_of_main 07F1                      setA0@status 0070  
                    setA2@status 0070                           ??_main 0071                      setA3@status 0070  
                    setC0@status 0070                      setD0@status 0070                      setA6@status 0070  
                    setA7@status 0070                      setD1@status 0070                      setC3@status 0070  
         __end_of_WDT_Initialize 0217                      setC4@status 0070                      setD2@status 0070  
                    setC5@status 0070                      setD3@status 0070                      setE1@status 0070  
                    setD4@status 0070                      setC6@status 0070                      setD5@status 0070  
                    setC7@status 0070                           ?_setA0 0070                           ?_setA2 0070  
                         ?_setA3 0070                           ?_setC0 0070                           ?_setD0 0070  
                         ?_setA6 0070                           ?_setA7 0070                           ?_setD1 0070  
                         ?_setC3 0070                           ?_setC4 0070                           ?_setD2 0070  
                         ?_setC5 0070                           ?_setD3 0070                           ?_setE1 0070  
                         ?_setD4 0070                           ?_setC6 0070                           ?_setD5 0070  
                         ?_setC7 0070                           ?_setD6 0070                           ?_setD7 0070  
                    setD6@status 0070                           _APFCON 011D                      setD7@status 0070  
                         _ANSELA 018C                           _ANSELB 018D                           _ANSELD 018F  
                         _ANSELE 0190                           _BORCON 0116                           _OSCCON 0099  
                         _WDTCON 0097                  ?_WDT_Initialize 0070                _SYSTEM_Initialize 0224  
        __end_of__initialization 07FD               ?_SYSTEM_Initialize 0070                   __pcstackCOMMON 0070  
                   __pidataBANK1 0329              ??_SYSTEM_Initialize 0070                    __end_of_setA0 02B2  
                  __end_of_setA2 0244                    __end_of_setA3 024F                    __end_of_setC0 0265  
                  __end_of_setD0 0270                    __end_of_setA6 02BD                    __end_of_setA7 025A  
                  __end_of_setC3 02C8                    __end_of_setD1 02D3                    __end_of_setD2 027B  
                  __end_of_setC4 0286                    __end_of_setE1 02A7                    __end_of_setD3 02DE  
                  __end_of_setC5 02E9                    __end_of_setC6 0291                    __end_of_setD4 029C  
                  __end_of_setC7 02F4                    __end_of_setD5 02FF                    __end_of_setD6 0239  
                  __end_of_setD7 030A                   _OPTION_REGbits 0095                          ??_setA0 0071  
                        ??_setA2 0071                          ??_setA3 0071                          ??_setC0 0071  
                        ??_setD0 0071                          ??_setA6 0071                          ??_setA7 0071  
                        ??_setD1 0071                          ??_setC3 0071                          ??_setC4 0071  
                        ??_setD2 0071                          ??_setC5 0071                          ??_setD3 0071  
                        ??_setE1 0071                          ??_setD4 0071                          ??_setC6 0071  
                        ??_setD5 0071                          ??_setC7 0071                          ??_setD6 0071  
                        ??_setD7 0071        __end_of_SYSTEM_Initialize 022E                       __pmaintext 0351  
                        _OSCTUNE 0098                          __ptext1 02FF                          __ptext2 02F4  
                        __ptext3 02E9                          __ptext4 02DE                          __ptext5 02D3  
                        __ptext6 02C8                          __ptext7 02BD                          __ptext8 02B2  
                        __ptext9 02A7            _OSCILLATOR_Initialize 021D         ??_PIN_MANAGER_Initialize 0070  
     __size_of_SYSTEM_Initialize 000A             end_of_initialization 07FD                          init_ram 0217  
                        initloop 0218                 ??_WDT_Initialize 0070                        _PORTAbits 000C  
                      _PORTBbits 000D           ?_OSCILLATOR_Initialize 0070              start_initialization 07F1  
__size_of_PIN_MANAGER_Initialize 001F                      __pdataBANK1 00A0                        ___latbits 0003  
                  __pcstackBANK0 0020           _PIN_MANAGER_Initialize 030A                   __size_of_setA0 000B  
                 __size_of_setA2 000B                   __size_of_setA3 000B                   __size_of_setC0 000B  
                 __size_of_setD0 000B                   __size_of_setA6 000B                   __size_of_setA7 000B  
                 __size_of_setC3 000B                   __size_of_setD1 000B                   __size_of_setD2 000B  
                 __size_of_setC4 000B                   __size_of_setE1 000B                   __size_of_setD3 000B  
                 __size_of_setC5 000B                   __size_of_setC6 000B                   __size_of_setD4 000B  
                 __size_of_setC7 000B                   __size_of_setD5 000B                   __size_of_setD6 000B  
                 __size_of_setD7 000B                         _LATAbits 010C                         _LATCbits 010E  
                       _LATDbits 010F                         _LATEbits 0110                        main@F3007 00B4  
                      main@F3033 00A0                        main@i_410 0056                        main@i_412 005E  
                      main@i_421 004C                        main@i_406 005A                        main@i_422 0052  
                      main@i_407 005C                        main@i_423 004E                        main@i_424 0054  
                      main@i_408 0050                        main@i_425 0060                        main@i_426 0062  
        ??_OSCILLATOR_Initialize 0070                         _main$411 004A                         _main$409 0048  
                       __ptext10 029C                         __ptext11 0291                         __ptext20 022E  
                       __ptext12 0286                         __ptext21 0224                         __ptext13 027B  
                       __ptext22 0213                         __ptext14 0270                         __ptext23 030A  
                       __ptext15 0265                         __ptext24 021D                         __ptext16 025A  
                       __ptext17 024F                         __ptext18 0244                         __ptext19 0239  
                main@savedStatus 0065                    __size_of_main 04A0                         main@mode 0064  
        __size_of_WDT_Initialize 0004          ?_PIN_MANAGER_Initialize 0070   __end_of_PIN_MANAGER_Initialize 0329  
